,he_price_eur_kg,valve_failure_rate,mttr_hours,leak_class_idx,material_uhmwpe,valve_count,he_loss_cost_eur,maint_cost_eur,total_cost_eur
he_price_eur_kg,1.0,-0.001595360981068037,0.011480326069504167,-0.012798695516239257,0.012522961440984743,0.02206160471247973,0.11135793863836187,0.008201193781486642,0.008331495681568511
valve_failure_rate,-0.001595360981068037,1.0,-0.005181295041498145,-0.00853834638534951,0.0147459160556633,0.011888622265291455,-0.014600520773418293,0.9235206666251206,0.9235063588220259
mttr_hours,0.011480326069504167,-0.005181295041498145,1.0,0.0016967195843420272,-0.0015317006522125053,-0.008580126688216344,-0.00981136106852995,0.16670637684681733,0.1666953991817062
leak_class_idx,-0.012798695516239257,-0.00853834638534951,0.0016967195843420272,1.0,0.011331122335141578,0.0037782428522649294,0.7243399276178771,-0.004592438297942484,-0.003745049280548634
material_uhmwpe,0.012522961440984743,0.0147459160556633,-0.0015317006522125053,0.011331122335141578,1.0,-0.003412329624683195,0.021569623802745085,0.27600396387255444,0.27603002693086803
valve_count,0.02206160471247973,0.011888622265291455,-0.008580126688216344,0.0037782428522649294,-0.003412329624683195,1.0,0.04881930194618913,0.1786232927014601,0.17868094263486387
he_loss_cost_eur,0.11135793863836187,-0.014600520773418293,-0.00981136106852995,0.7243399276178771,0.021569623802745085,0.04881930194618913,1.0,-0.0031518026756549434,-0.0019819155545573097
maint_cost_eur,0.008201193781486642,0.9235206666251206,0.16670637684681733,-0.004592438297942484,0.27600396387255444,0.1786232927014601,-0.0031518026756549434,1.0,0.9999993156775507
total_cost_eur,0.008331495681568511,0.9235063588220259,0.1666953991817062,-0.003745049280548634,0.27603002693086803,0.17868094263486387,-0.0019819155545573097,0.9999993156775507,1.0
