leak_rate,T (K),g/year,kg/year
9.999999999999999e-10,4,0.001898987924393119,1.898987924393119e-06
1.2154742500762884e-09,4,0.002308170923305654,2.3081709233056542e-06
1.4773776525985095e-09,4,0.0028055223220528223,2.805522322052822e-06
1.795714494371641e-09,4,0.003410040140469442,3.410040140469442e-06
2.1826447283974827e-09,4,0.004144815982467119,4.1448159824671195e-06
2.6529484644318945e-09,4,0.0050379170979934365,5.037917097993437e-06
3.2245905452963976e-09,4,0.006123458506630084,6.123458506630084e-06
3.919406774847213e-09,4,0.007442906136219439,7.44290613621944e-06
4.76393801040134e-09,4,0.009046660754309528,9.046660754309528e-06
5.790443980602495e-09,4,0.010995983196038965,1.0995983196038965e-05
7.038135554931547e-09,4,0.013365334429056875,1.3365334429056874e-05
8.554672535565684e-09,4,0.016245219842176698,1.6245219842176698e-05
1.03979841848149e-08,4,0.019745646404994127,1.974564640499413e-05
1.2638482029342972e-08,4,0.024000324756381752,2.4000324756381754e-05
1.5361749466718295e-08,4,0.029171776734850483,2.9171776734850483e-05
1.8671810912919206e-08,4,0.035457543450185244,3.5457543450185247e-05
2.2695105366946686e-08,4,0.04309773103466124,4.309773103466124e-05
2.7585316176291813e-08,4,0.05238418230934433,5.238418230934433e-05
3.352924149249553e-08,4,0.06367162470830974,6.367162470830973e-05
4.075392965871778e-08,4,0.07739122029347166,7.739122029347166e-05
4.95353520895917e-08,4,0.0940670354486961,9.40670354486961e-05
6.020894493336125e-08,4,0.1143360593689033,0.0001143360593689033
7.318242219076181e-08,4,0.13897253601809573,0.00013897253601809572
8.895134973108236e-08,4,0.1689175389977946,0.0001689175389977946
1.0811807510766077e-07,4,0.20531491903807608,0.0002053149190380761
1.3141473626117555e-07,4,0.24955499724727903,0.00024955499724727903
1.5973122800602523e-07,4,0.303327673131926,0.000303327673131926
1.9414919457438817e-07,4,0.3686869760274133,0.0003686869760274133
2.3598334667821937e-07,4,0.44812952569981374,0.0004481295256998137
2.8683168133420086e-07,4,0.5446898991870228,0.0005446898991870228
3.486365227678088e-07,4,0.6620565467384757,0.0006620565467384757
4.2375871606040634e-07,4,0.8047126846550442,0.0008047126846550442
5.150678076168121e-07,4,0.9781075469079645,0.0009781075469079644
6.260516572014815e-07,4,1.188864537071914,0.001188864537071914
7.609496685459867e-07,4,1.4450342316397757,0.0014450342316397757
9.249147277217336e-07,4,1.7564018990369221,0.001756401899036922
1.124210035062086e-06,4,2.1348612810644667,0.002134861281064467
1.3664483492953245e-06,4,2.5948689146187323,0.002594868914618732
1.6608827826277165e-06,4,3.1539963480424764,0.0031539963480424764
2.018760254679039e-06,4,3.8336013458802736,0.0038336013458802735
2.4537511066398165e-06,4,4.659643720975265,0.004659643720975265
2.982471286216888e-06,4,5.663676957375085,0.005663676957375085
3.625117049988528e-06,4,6.884053502439823,0.006884053502439823
4.406236427773573e-06,4,8.367389768363088,0.008367389768363088
5.355666917706896e-06,4,10.170346803797115,0.010170346803797114
6.509675230458163e-06,4,12.361794654361049,0.012361794654361049
7.912342618981327e-06,4,15.02544308710657,0.01502544308710657
9.617248711152963e-06,4,18.263039168364767,0.01826303916836477
1.1689518164985777e-05,4,22.198253837282007,0.022198253837282005
1.4208308325339208e-05,4,26.98140593587338,0.02698140593587338
1.7269832906594325e-05,4,32.79520414590955,0.03279520414590955
2.0991037201085544e-05,4,39.861726165348195,0.039861726165348194
2.551406520031287e-05,4,48.45090171757286,0.04845090171757286
3.1011689265747754e-05,4,58.89082343068671,0.05889082343068671
3.7693909753883636e-05,4,71.58027944578905,0.07158027944578904
4.581597669054491e-05,4,87.00398647962142,0.08700398647962142
5.568813990945267e-05,4,105.75110521996515,0.10575110521996516
6.768750009458528e-05,4,128.53774531197558,0.1285377453119756
8.227241341700457e-05,4,156.23431958957016,0.15623431958957015
9.999999999999999e-05,4,189.8987924393119,0.1898987924393119
9.999999999999999e-10,20,0.00037979758487862385,3.7979758487862386e-07
1.2154742500762884e-09,20,0.0004616341846611309,4.616341846611309e-07
1.4773776525985095e-09,20,0.0005611044644105646,5.611044644105646e-07
1.795714494371641e-09,20,0.0006820080280938884,6.820080280938884e-07
2.1826447283974827e-09,20,0.0008289631964934239,8.289631964934239e-07
2.6529484644318945e-09,20,0.0010075834195986872,1.0075834195986873e-06
3.2245905452963976e-09,20,0.0012246917013260168,1.2246917013260168e-06
3.919406774847213e-09,20,0.0014885812272438879,1.488581227243888e-06
4.76393801040134e-09,20,0.0018093321508619055,1.8093321508619055e-06
5.790443980602495e-09,20,0.002199196639207793,2.199196639207793e-06
7.038135554931547e-09,20,0.002673066885811375,2.6730668858113753e-06
8.554672535565684e-09,20,0.0032490439684353402,3.24904396843534e-06
1.03979841848149e-08,20,0.003949129280998826,3.949129280998826e-06
1.2638482029342972e-08,20,0.004800064951276351,4.800064951276351e-06
1.5361749466718295e-08,20,0.005834355346970096,5.834355346970096e-06
1.8671810912919206e-08,20,0.007091508690037048,7.091508690037048e-06
2.2695105366946686e-08,20,0.008619546206932248,8.619546206932248e-06
2.7585316176291813e-08,20,0.010476836461868868,1.0476836461868868e-05
3.352924149249553e-08,20,0.01273432494166195,1.273432494166195e-05
4.075392965871778e-08,20,0.015478244058694333,1.5478244058694332e-05
4.95353520895917e-08,20,0.018813407089739224,1.8813407089739225e-05
6.020894493336125e-08,20,0.02286721187378066,2.2867211873780662e-05
7.318242219076181e-08,20,0.027794507203619145,2.7794507203619147e-05
8.895134973108236e-08,20,0.033783507799558916,3.378350779955892e-05
1.0811807510766077e-07,20,0.04106298380761522,4.106298380761522e-05
1.3141473626117555e-07,20,0.0499109994494558,4.99109994494558e-05
1.5973122800602523e-07,20,0.06066553462638519,6.0665534626385185e-05
1.9414919457438817e-07,20,0.07373739520548266,7.373739520548265e-05
2.3598334667821937e-07,20,0.08962590513996276,8.962590513996276e-05
2.8683168133420086e-07,20,0.10893797983740454,0.00010893797983740454
3.486365227678088e-07,20,0.13241130934769516,0.00013241130934769517
4.2375871606040634e-07,20,0.16094253693100885,0.00016094253693100884
5.150678076168121e-07,20,0.1956215093815929,0.00019562150938159288
6.260516572014815e-07,20,0.23777290741438284,0.00023777290741438284
7.609496685459867e-07,20,0.28900684632795515,0.00028900684632795516
9.249147277217336e-07,20,0.3512803798073844,0.0003512803798073844
1.124210035062086e-06,20,0.42697225621289336,0.00042697225621289337
1.3664483492953245e-06,20,0.5189737829237464,0.0005189737829237464
1.6608827826277165e-06,20,0.6307992696084952,0.0006307992696084952
2.018760254679039e-06,20,0.7667202691760546,0.0007667202691760546
2.4537511066398165e-06,20,0.9319287441950529,0.0009319287441950529
2.982471286216888e-06,20,1.132735391475017,0.0011327353914750168
3.625117049988528e-06,20,1.3768107004879646,0.0013768107004879645
4.406236427773573e-06,20,1.6734779536726179,0.001673477953672618
5.355666917706896e-06,20,2.034069360759423,0.002034069360759423
6.509675230458163e-06,20,2.47235893087221,0.0024723589308722096
7.912342618981327e-06,20,3.005088617421314,0.0030050886174213137
9.617248711152963e-06,20,3.6526078336729535,0.0036526078336729536
1.1689518164985777e-05,20,4.439650767456402,0.004439650767456402
1.4208308325339208e-05,20,5.396281187174677,0.005396281187174677
1.7269832906594325e-05,20,6.559040829181909,0.006559040829181909
2.0991037201085544e-05,20,7.972345233069638,0.007972345233069639
2.551406520031287e-05,20,9.690180343514573,0.009690180343514572
3.1011689265747754e-05,20,11.778164686137341,0.01177816468613734
3.7693909753883636e-05,20,14.316055889157807,0.014316055889157808
4.581597669054491e-05,20,17.400797295924285,0.017400797295924284
5.568813990945267e-05,20,21.15022104399303,0.021150221043993032
6.768750009458528e-05,20,25.707549062395113,0.025707549062395113
8.227241341700457e-05,20,31.246863917914027,0.031246863917914026
9.999999999999999e-05,20,37.97975848786238,0.03797975848786238
9.999999999999999e-10,80,9.494939621965596e-05,9.494939621965596e-08
1.2154742500762884e-09,80,0.00011540854616528272,1.1540854616528272e-07
1.4773776525985095e-09,80,0.00014027611610264114,1.4027611610264115e-07
1.795714494371641e-09,80,0.0001705020070234721,1.705020070234721e-07
2.1826447283974827e-09,80,0.00020724079912335598,2.0724079912335598e-07
2.6529484644318945e-09,80,0.0002518958548996718,2.5189585489967183e-07
3.2245905452963976e-09,80,0.0003061729253315042,3.061729253315042e-07
3.919406774847213e-09,80,0.00037214530681097197,3.72145306810972e-07
4.76393801040134e-09,80,0.0004523330377154764,4.523330377154764e-07
5.790443980602495e-09,80,0.0005497991598019483,5.497991598019483e-07
7.038135554931547e-09,80,0.0006682667214528438,6.682667214528438e-07
8.554672535565684e-09,80,0.0008122609921088351,8.12260992108835e-07
1.03979841848149e-08,80,0.0009872823202497064,9.872823202497065e-07
1.2638482029342972e-08,80,0.0012000162378190877,1.2000162378190877e-06
1.5361749466718295e-08,80,0.001458588836742524,1.458588836742524e-06
1.8671810912919206e-08,80,0.001772877172509262,1.772877172509262e-06
2.2695105366946686e-08,80,0.002154886551733062,2.154886551733062e-06
2.7585316176291813e-08,80,0.002619209115467217,2.619209115467217e-06
3.352924149249553e-08,80,0.0031835812354154874,3.1835812354154876e-06
4.075392965871778e-08,80,0.003869561014673583,3.869561014673583e-06
4.95353520895917e-08,80,0.004703351772434806,4.703351772434806e-06
6.020894493336125e-08,80,0.005716802968445165,5.716802968445166e-06
7.318242219076181e-08,80,0.006948626800904786,6.948626800904787e-06
8.895134973108236e-08,80,0.008445876949889729,8.44587694988973e-06
1.0811807510766077e-07,80,0.010265745951903806,1.0265745951903805e-05
1.3141473626117555e-07,80,0.01247774986236395,1.247774986236395e-05
1.5973122800602523e-07,80,0.015166383656596297,1.5166383656596296e-05
1.9414919457438817e-07,80,0.018434348801370664,1.8434348801370663e-05
2.3598334667821937e-07,80,0.02240647628499069,2.240647628499069e-05
2.8683168133420086e-07,80,0.027234494959351135,2.7234494959351134e-05
3.486365227678088e-07,80,0.03310282733692379,3.310282733692379e-05
4.2375871606040634e-07,80,0.04023563423275221,4.023563423275221e-05
5.150678076168121e-07,80,0.048905377345398224,4.890537734539822e-05
6.260516572014815e-07,80,0.05944322685359571,5.944322685359571e-05
7.609496685459867e-07,80,0.07225171158198879,7.225171158198879e-05
9.249147277217336e-07,80,0.0878200949518461,8.78200949518461e-05
1.124210035062086e-06,80,0.10674306405322334,0.00010674306405322334
1.3664483492953245e-06,80,0.1297434457309366,0.0001297434457309366
1.6608827826277165e-06,80,0.1576998174021238,0.0001576998174021238
2.018760254679039e-06,80,0.19168006729401366,0.00019168006729401366
2.4537511066398165e-06,80,0.23298218604876322,0.00023298218604876321
2.982471286216888e-06,80,0.2831838478687542,0.0002831838478687542
3.625117049988528e-06,80,0.34420267512199115,0.00034420267512199113
4.406236427773573e-06,80,0.41836948841815447,0.0004183694884181545
5.355666917706896e-06,80,0.5085173401898557,0.0005085173401898558
6.509675230458163e-06,80,0.6180897327180525,0.0006180897327180524
7.912342618981327e-06,80,0.7512721543553285,0.0007512721543553284
9.617248711152963e-06,80,0.9131519584182384,0.0009131519584182384
1.1689518164985777e-05,80,1.1099126918641005,0.0011099126918641005
1.4208308325339208e-05,80,1.3490702967936692,0.0013490702967936692
1.7269832906594325e-05,80,1.6397602072954773,0.0016397602072954773
2.0991037201085544e-05,80,1.9930863082674095,0.0019930863082674097
2.551406520031287e-05,80,2.4225450858786433,0.002422545085878643
3.1011689265747754e-05,80,2.9445411715343353,0.002944541171534335
3.7693909753883636e-05,80,3.579013972289452,0.003579013972289452
4.581597669054491e-05,80,4.350199323981071,0.004350199323981071
5.568813990945267e-05,80,5.287555260998258,0.005287555260998258
6.768750009458528e-05,80,6.426887265598778,0.006426887265598778
8.227241341700457e-05,80,7.811715979478507,0.0078117159794785064
9.999999999999999e-05,80,9.494939621965594,0.009494939621965594
9.999999999999999e-10,300,2.531983899190825e-05,2.531983899190825e-08
1.2154742500762884e-09,300,3.0775612310742056e-05,3.0775612310742056e-08
1.4773776525985095e-09,300,3.740696429403763e-05,3.7406964294037635e-08
1.795714494371641e-09,300,4.54672018729259e-05,4.54672018729259e-08
2.1826447283974827e-09,300,5.526421309956159e-05,5.5264213099561586e-08
2.6529484644318945e-09,300,6.717222797324582e-05,6.717222797324582e-08
3.2245905452963976e-09,300,8.164611342173446e-05,8.164611342173446e-08
3.919406774847213e-09,300,9.923874848292585e-05,9.923874848292585e-08
4.76393801040134e-09,300,0.00012062214339079369,1.2062214339079368e-07
5.790443980602495e-09,300,0.00014661310928051953,1.4661310928051954e-07
7.038135554931547e-09,300,0.00017820445905409164,1.7820445905409165e-07
8.554672535565684e-09,300,0.00021660293122902267,2.1660293122902266e-07
1.03979841848149e-08,300,0.0002632752853999217,2.632752853999217e-07
1.2638482029342972e-08,300,0.00032000433008509,3.2000433008509e-07
1.5361749466718295e-08,300,0.0003889570231313398,3.889570231313398e-07
1.8671810912919206e-08,300,0.0004727672460024699,4.727672460024699e-07
2.2695105366946686e-08,300,0.0005746364137954831,5.746364137954831e-07
2.7585316176291813e-08,300,0.000698455764124591,6.98455764124591e-07
3.352924149249553e-08,300,0.0008489549961107966,8.489549961107965e-07
4.075392965871778e-08,300,0.0010318829372462889,1.0318829372462889e-06
4.95353520895917e-08,300,0.0012542271393159482,1.2542271393159482e-06
6.020894493336125e-08,300,0.0015244807915853773,1.5244807915853773e-06
7.318242219076181e-08,300,0.0018529671469079427,1.8529671469079428e-06
8.895134973108236e-08,300,0.0022522338533039277,2.252233853303928e-06
1.0811807510766077e-07,300,0.0027375322538410146,2.7375322538410144e-06
1.3141473626117555e-07,300,0.0033273999632970532,3.3273999632970533e-06
1.5973122800602523e-07,300,0.004044368975092346,4.044368975092346e-06
1.9414919457438817e-07,300,0.004915826347032177,4.9158263470321775e-06
2.3598334667821937e-07,300,0.005975060342664184,5.975060342664184e-06
2.8683168133420086e-07,300,0.007262531989160302,7.262531989160302e-06
3.486365227678088e-07,300,0.008827420623179675,8.827420623179676e-06
4.2375871606040634e-07,300,0.010729502462067256,1.0729502462067255e-05
5.150678076168121e-07,300,0.01304143395877286,1.304143395877286e-05
6.260516572014815e-07,300,0.01585152716095885,1.585152716095885e-05
7.609496685459867e-07,300,0.01926712308853034,1.926712308853034e-05
9.249147277217336e-07,300,0.02341869198715896,2.341869198715896e-05
1.124210035062086e-06,300,0.028464817080859555,2.8464817080859556e-05
1.3664483492953245e-06,300,0.03459825219491643,3.4598252194916436e-05
1.6608827826277165e-06,300,0.042053284640566346,4.2053284640566344e-05
2.018760254679039e-06,300,0.051114684611736974,5.1114684611736976e-05
2.4537511066398165e-06,300,0.062128582946336865,6.212858294633686e-05
2.982471286216888e-06,300,0.07551569276500113,7.551569276500112e-05
3.625117049988528e-06,300,0.09178738003253097,9.178738003253096e-05
4.406236427773573e-06,300,0.11156519691150785,0.00011156519691150784
5.355666917706896e-06,300,0.13560462405062818,0.00013560462405062817
6.509675230458163e-06,300,0.164823928724814,0.000164823928724814
7.912342618981327e-06,300,0.2003392411614209,0.00020033924116142092
9.617248711152963e-06,300,0.24350718891153025,0.00024350718891153026
1.1689518164985777e-05,300,0.2959767178304268,0.00029597671783042676
1.4208308325339208e-05,300,0.35975207914497837,0.00035975207914497835
1.7269832906594325e-05,300,0.4372693886121273,0.0004372693886121273
2.0991037201085544e-05,300,0.5314896822046424,0.0005314896822046424
2.551406520031287e-05,300,0.6460120229009715,0.0006460120229009714
3.1011689265747754e-05,300,0.7852109790758227,0.0007852109790758227
3.7693909753883636e-05,300,0.9544037259438539,0.0009544037259438539
4.581597669054491e-05,300,1.160053153061619,0.001160053153061619
5.568813990945267e-05,300,1.410014736266202,0.001410014736266202
6.768750009458528e-05,300,1.7138366041596742,0.0017138366041596742
8.227241341700457e-05,300,2.083124261194268,0.002083124261194268
9.999999999999999e-05,300,2.5319838991908252,0.0025319838991908253
