Hours,Air leak (mbar·l/s),Purity (%)
0.0,1e-05,100.0
44.02010050251256,1e-05,99.99996830553768
88.04020100502512,1e-05,99.99993661109545
132.0603015075377,1e-05,99.99990491667332
176.08040201005025,1e-05,99.99987322227128
220.1005025125628,1e-05,99.99984152788932
264.1206030150754,1e-05,99.99980983352746
308.14070351758795,1e-05,99.9997781391857
352.1608040201005,1e-05,99.99974644486402
396.18090452261305,1e-05,99.99971475056242
440.2010050251256,1e-05,99.99968305628092
484.2211055276382,1e-05,99.9996513620195
528.2412060301508,1e-05,99.99961966777819
572.2613065326633,1e-05,99.99958797355696
616.2814070351759,1e-05,99.99955627935583
660.3015075376884,1e-05,99.99952458517478
704.321608040201,1e-05,99.99949289101382
748.3417085427136,1e-05,99.99946119687296
792.3618090452261,1e-05,99.99942950275218
836.3819095477387,1e-05,99.9993978086515
880.4020100502512,1e-05,99.9993661145709
924.4221105527638,1e-05,99.9993344205104
968.4422110552764,1e-05,99.99930272646998
1012.4623115577889,1e-05,99.99927103244966
1056.4824120603016,1e-05,99.99923933844941
1100.502512562814,1e-05,99.99920764446928
1144.5226130653266,1e-05,99.99917595050923
1188.5427135678392,1e-05,99.99914425656927
1232.5628140703518,1e-05,99.9991125626494
1276.5829145728644,1e-05,99.99908086874962
1320.6030150753768,1e-05,99.99904917486991
1364.6231155778894,1e-05,99.99901748101031
1408.643216080402,1e-05,99.9989857871708
1452.6633165829146,1e-05,99.99895409335137
1496.6834170854272,1e-05,99.99892239955204
1540.7035175879396,1e-05,99.99889070577281
1584.7236180904522,1e-05,99.99885901201367
1628.7437185929648,1e-05,99.99882731827459
1672.7638190954774,1e-05,99.99879562455563
1716.78391959799,1e-05,99.99876393085675
1760.8040201005024,1e-05,99.99873223717796
1804.824120603015,1e-05,99.99870054351926
1848.8442211055276,1e-05,99.99866884988064
1892.8643216080402,1e-05,99.99863715626212
1936.8844221105528,1e-05,99.99860546266369
1980.9045226130654,1e-05,99.99857376908535
2024.9246231155778,1e-05,99.99854207552711
2068.9447236180904,1e-05,99.99851038198895
2112.964824120603,1e-05,99.99847868847087
2156.9849246231156,1e-05,99.9984469949729
2201.005025125628,1e-05,99.998415301495
2245.025125628141,1e-05,99.9983836080372
2289.045226130653,1e-05,99.9983519145995
2333.065326633166,1e-05,99.99832022118187
2377.0854271356784,1e-05,99.99828852778434
2421.105527638191,1e-05,99.9982568344069
2465.1256281407036,1e-05,99.99822514104955
2509.145728643216,1e-05,99.99819344771228
2553.165829145729,1e-05,99.99816175439511
2597.185929648241,1e-05,99.99813006109802
2641.2060301507536,1e-05,99.99809836782103
2685.2261306532664,1e-05,99.99806667456413
2729.246231155779,1e-05,99.99803498132731
2773.2663316582916,1e-05,99.99800328811058
2817.286432160804,1e-05,99.99797159491395
2861.3065326633164,1e-05,99.99793990173741
2905.326633165829,1e-05,99.99790820858095
2949.3467336683416,1e-05,99.99787651544459
2993.3668341708544,1e-05,99.9978448223283
3037.386934673367,1e-05,99.99781312923211
3081.407035175879,1e-05,99.99778143615602
3125.427135678392,1e-05,99.99774974310002
3169.4472361809044,1e-05,99.9977180500641
3213.467336683417,1e-05,99.99768635704827
3257.4874371859296,1e-05,99.99765466405253
3301.507537688442,1e-05,99.99762297107686
3345.527638190955,1e-05,99.9975912781213
3389.547738693467,1e-05,99.99755958518584
3433.56783919598,1e-05,99.99752789227045
3477.5879396984924,1e-05,99.99749619937516
3521.6080402010048,1e-05,99.99746450649995
3565.6281407035176,1e-05,99.99743281364485
3609.64824120603,1e-05,99.99740112080981
3653.668341708543,1e-05,99.99736942799487
3697.688442211055,1e-05,99.99733773520003
3741.708542713568,1e-05,99.99730604242527
3785.7286432160804,1e-05,99.9972743496706
3829.748743718593,1e-05,99.99724265693602
3873.7688442211056,1e-05,99.99721096422154
3917.788944723618,1e-05,99.99717927152713
3961.809045226131,1e-05,99.99714757885282
4005.829145728643,1e-05,99.9971158861986
4049.8492462311556,1e-05,99.99708419356446
4093.8693467336684,1e-05,99.99705250095042
4137.889447236181,1e-05,99.99702080835647
4181.909547738694,1e-05,99.9969891157826
4225.929648241206,1e-05,99.99695742322882
4269.949748743718,1e-05,99.99692573069512
4313.969849246231,1e-05,99.99689403818152
4357.989949748744,1e-05,99.99686234568802
4402.010050251256,1e-05,99.9968306532146
4446.030150753769,1e-05,99.99679896076125
4490.050251256282,1e-05,99.99676726832801
4534.070351758794,1e-05,99.99673557591487
4578.090452261306,1e-05,99.99670388352179
4622.110552763819,1e-05,99.99667219114882
4666.130653266332,1e-05,99.99664049879591
4710.150753768844,1e-05,99.99660880646313
4754.170854271357,1e-05,99.99657711415041
4798.19095477387,1e-05,99.99654542185779
4842.211055276382,1e-05,99.99651372958526
4886.231155778894,1e-05,99.9964820373328
4930.251256281407,1e-05,99.99645034510046
4974.271356783919,1e-05,99.99641865288818
5018.291457286432,1e-05,99.996386960696
5062.311557788945,1e-05,99.9963552685239
5106.331658291458,1e-05,99.9963235763719
5150.35175879397,1e-05,99.99629188424
5194.371859296482,1e-05,99.99626019212816
5238.391959798995,1e-05,99.99622850003644
5282.412060301507,1e-05,99.99619680796478
5326.43216080402,1e-05,99.99616511591321
5370.452261306533,1e-05,99.99613342388174
5414.472361809045,1e-05,99.99610173187037
5458.492462311558,1e-05,99.99607003987907
5502.51256281407,1e-05,99.99603834790787
5546.532663316583,1e-05,99.99600665595675
5590.552763819095,1e-05,99.99597496402572
5634.572864321608,1e-05,99.99594327211477
5678.592964824121,1e-05,99.99591158022393
5722.613065326633,1e-05,99.99587988835316
5766.633165829146,1e-05,99.99584819650248
5810.653266331658,1e-05,99.9958165046719
5854.673366834171,1e-05,99.9957848128614
5898.693467336683,1e-05,99.99575312107099
5942.713567839196,1e-05,99.99572142930066
5986.733668341709,1e-05,99.99568973755044
6030.753768844221,1e-05,99.99565804582028
6074.773869346734,1e-05,99.99562635411023
6118.793969849246,1e-05,99.99559466242025
6162.814070351758,1e-05,99.99556297075037
6206.834170854271,1e-05,99.99553127910058
6250.854271356784,1e-05,99.99549958747087
6294.874371859297,1e-05,99.99546789586124
6338.894472361809,1e-05,99.99543620427171
6382.914572864322,1e-05,99.99540451270228
6426.934673366834,1e-05,99.99537282115293
6470.954773869346,1e-05,99.99534112962365
6514.974874371859,1e-05,99.99530943811448
6558.994974874372,1e-05,99.99527774662539
6603.015075376884,1e-05,99.99524605515639
6647.035175879397,1e-05,99.99521436370748
6691.05527638191,1e-05,99.99518267227864
6735.075376884422,1e-05,99.99515098086991
6779.095477386934,1e-05,99.99511928948127
6823.115577889447,1e-05,99.9950875981127
6867.13567839196,1e-05,99.99505590676422
6911.155778894472,1e-05,99.99502421543583
6955.175879396985,1e-05,99.99499252412754
6999.195979899498,1e-05,99.99496083283933
7043.2160804020095,1e-05,99.99492914157119
7087.236180904522,1e-05,99.99489745032317
7131.256281407035,1e-05,99.99486575909522
7175.276381909548,1e-05,99.99483406788737
7219.29648241206,1e-05,99.99480237669958
7263.316582914573,1e-05,99.9947706855319
7307.336683417086,1e-05,99.9947389943843
7351.356783919598,1e-05,99.99470730325679
7395.37688442211,1e-05,99.99467561214938
7439.396984924623,1e-05,99.99464392106204
7483.417085427136,1e-05,99.99461222999479
7527.437185929648,1e-05,99.99458053894763
7571.457286432161,1e-05,99.99454884792056
7615.477386934674,1e-05,99.99451715691357
7659.497487437186,1e-05,99.99448546592667
7703.517587939698,1e-05,99.99445377495987
7747.537688442211,1e-05,99.99442208401315
7791.557788944723,1e-05,99.9943903930865
7835.577889447236,1e-05,99.99435870217997
7879.597989949749,1e-05,99.9943270112935
7923.618090452262,1e-05,99.99429532042713
7967.638190954774,1e-05,99.99426362958084
8011.658291457286,1e-05,99.99423193875465
8055.678391959799,1e-05,99.99420024794854
8099.698492462311,1e-05,99.99416855716251
8143.718592964824,1e-05,99.99413686639657
8187.738693467337,1e-05,99.99410517565073
8231.75879396985,1e-05,99.99407348492497
8275.778894472362,1e-05,99.99404179421929
8319.798994974873,1e-05,99.9940101035337
8363.819095477387,1e-05,99.99397841286822
8407.8391959799,1e-05,99.99394672222279
8451.859296482413,1e-05,99.99391503159747
8495.879396984925,1e-05,99.99388334099223
8539.899497487437,1e-05,99.99385165040708
8583.91959798995,1e-05,99.99381995984201
8627.939698492462,1e-05,99.99378826929703
8671.959798994974,1e-05,99.99375657877215
8715.979899497488,1e-05,99.99372488826734
8760.0,1e-05,99.99369319778263
0.0,1e-04,100.0
44.02010050251256,1e-04,99.99968305628092
88.04020100502512,1e-04,99.9993661145709
132.0603015075377,1e-04,99.99904917486991
176.08040201005025,1e-04,99.99873223717796
220.1005025125628,1e-04,99.998415301495
264.1206030150754,1e-04,99.99809836782103
308.14070351758795,1e-04,99.99778143615602
352.1608040201005,1e-04,99.99746450649995
396.18090452261305,1e-04,99.99714757885282
440.2010050251256,1e-04,99.9968306532146
484.2211055276382,1e-04,99.99651372958526
528.2412060301508,1e-04,99.99619680796478
572.2613065326633,1e-04,99.99587988835316
616.2814070351759,1e-04,99.99556297075037
660.3015075376884,1e-04,99.99524605515639
704.321608040201,1e-04,99.99492914157119
748.3417085427136,1e-04,99.99461222999479
792.3618090452261,1e-04,99.99429532042713
836.3819095477387,1e-04,99.99397841286822
880.4020100502512,1e-04,99.993661507318
924.4221105527638,1e-04,99.99334460377649
968.4422110552764,1e-04,99.99302770224367
1012.4623115577889,1e-04,99.99271080271949
1056.4824120603016,1e-04,99.99239390520395
1100.502512562814,1e-04,99.99207700969704
1144.5226130653266,1e-04,99.99176011619872
1188.5427135678392,1e-04,99.991443224709
1232.5628140703518,1e-04,99.99112633522785
1276.5829145728644,1e-04,99.99080944775521
1320.6030150753768,1e-04,99.99049256229112
1364.6231155778894,1e-04,99.99017567883554
1408.643216080402,1e-04,99.98985879738844
1452.6633165829146,1e-04,99.9895419179498
1496.6834170854272,1e-04,99.98922504051961
1540.7035175879396,1e-04,99.98890816509785
1584.7236180904522,1e-04,99.98859129168451
1628.7437185929648,1e-04,99.98827442027957
1672.7638190954774,1e-04,99.98795755088298
1716.78391959799,1e-04,99.98764068349475
1760.8040201005024,1e-04,99.98732381811486
1804.824120603015,1e-04,99.98700695474328
1848.8442211055276,1e-04,99.98669009338
1892.8643216080402,1e-04,99.986373234025
1936.8844221105528,1e-04,99.98605637667825
1980.9045226130654,1e-04,99.98573952133974
2024.9246231155778,1e-04,99.98542266800946
2068.9447236180904,1e-04,99.98510581668737
2112.964824120603,1e-04,99.98478896737348
2156.9849246231156,1e-04,99.98447212006772
2201.005025125628,1e-04,99.98415527477013
2245.025125628141,1e-04,99.98383843148065
2289.045226130653,1e-04,99.98352159019927
2333.065326633166,1e-04,99.98320475092599
2377.0854271356784,1e-04,99.98288791366078
2421.105527638191,1e-04,99.98257107840361
2465.1256281407036,1e-04,99.98225424515446
2509.145728643216,1e-04,99.98193741391334
2553.165829145729,1e-04,99.9816205846802
2597.185929648241,1e-04,99.98130375745504
2641.2060301507536,1e-04,99.98098693223781
2685.2261306532664,1e-04,99.98067010902854
2729.246231155779,1e-04,99.98035328782717
2773.2663316582916,1e-04,99.9800364686337
2817.286432160804,1e-04,99.9797196514481
2861.3065326633164,1e-04,99.97940283627035
2905.326633165829,1e-04,99.97908602310046
2949.3467336683416,1e-04,99.97876921193838
2993.3668341708544,1e-04,99.97845240278409
3037.386934673367,1e-04,99.9781355956376
3081.407035175879,1e-04,99.97781879049884
3125.427135678392,1e-04,99.97750198736786
3169.4472361809044,1e-04,99.97718518624458
3213.467336683417,1e-04,99.97686838712902
3257.4874371859296,1e-04,99.97655159002112
3301.507537688442,1e-04,99.97623479492091
3345.527638190955,1e-04,99.97591800182833
3389.547738693467,1e-04,99.97560121074339
3433.56783919598,1e-04,99.97528442166606
3477.5879396984924,1e-04,99.97496763459631
3521.6080402010048,1e-04,99.97465084953414
3565.6281407035176,1e-04,99.97433406647951
3609.64824120603,1e-04,99.97401728543244
3653.668341708543,1e-04,99.97370050639286
3697.688442211055,1e-04,99.97338372936078
3741.708542713568,1e-04,99.97306695433616
3785.7286432160804,1e-04,99.97275018131901
3829.748743718593,1e-04,99.9724334103093
3873.7688442211056,1e-04,99.97211664130701
3917.788944723618,1e-04,99.97179987431211
3961.809045226131,1e-04,99.9714831093246
4005.829145728643,1e-04,99.97116634634445
4049.8492462311556,1e-04,99.97084958537164
4093.8693467336684,1e-04,99.97053282640614
4137.889447236181,1e-04,99.97021606944796
4181.909547738694,1e-04,99.96989931449706
4225.929648241206,1e-04,99.96958256155341
4269.949748743718,1e-04,99.96926581061703
4313.969849246231,1e-04,99.96894906168788
4357.989949748744,1e-04,99.96863231476591
4402.010050251256,1e-04,99.96831556985116
4446.030150753769,1e-04,99.96799882694354
4490.050251256282,1e-04,99.96768208604311
4534.070351758794,1e-04,99.9673653471498
4578.090452261306,1e-04,99.9670486102636
4622.110552763819,1e-04,99.96673187538448
4666.130653266332,1e-04,99.96641514251246
4710.150753768844,1e-04,99.96609841164748
4754.170854271357,1e-04,99.96578168278954
4798.19095477387,1e-04,99.96546495593861
4842.211055276382,1e-04,99.9651482310947
4886.231155778894,1e-04,99.96483150825776
4930.251256281407,1e-04,99.96451478742777
4974.271356783919,1e-04,99.96419806860473
5018.291457286432,1e-04,99.96388135178861
5062.311557788945,1e-04,99.9635646369794
5106.331658291458,1e-04,99.96324792417705
5150.35175879397,1e-04,99.9629312133816
5194.371859296482,1e-04,99.96261450459296
5238.391959798995,1e-04,99.96229779781117
5282.412060301507,1e-04,99.96198109303617
5326.43216080402,1e-04,99.96166439026798
5370.452261306533,1e-04,99.96134768950655
5414.472361809045,1e-04,99.96103099075187
5458.492462311558,1e-04,99.96071429400392
5502.51256281407,1e-04,99.96039759926269
5546.532663316583,1e-04,99.96008090652813
5590.552763819095,1e-04,99.95976421580028
5634.572864321608,1e-04,99.95944752707906
5678.592964824121,1e-04,99.95913084036448
5722.613065326633,1e-04,99.95881415565651
5766.633165829146,1e-04,99.95849747295516
5810.653266331658,1e-04,99.95818079226036
5854.673366834171,1e-04,99.95786411357214
5898.693467336683,1e-04,99.95754743689047
5942.713567839196,1e-04,99.9572307622153
5986.733668341709,1e-04,99.95691408954663
6030.753768844221,1e-04,99.95659741888446
6074.773869346734,1e-04,99.95628075022874
6118.793969849246,1e-04,99.95596408357947
6162.814070351758,1e-04,99.95564741893664
6206.834170854271,1e-04,99.9553307563002
6250.854271356784,1e-04,99.95501409567015
6294.874371859297,1e-04,99.95469743704646
6338.894472361809,1e-04,99.95438078042915
6382.914572864322,1e-04,99.95406412581815
6426.934673366834,1e-04,99.95374747321347
6470.954773869346,1e-04,99.95343082261508
6514.974874371859,1e-04,99.95311417402294
6558.994974874372,1e-04,99.95279752743708
6603.015075376884,1e-04,99.95248088285746
6647.035175879397,1e-04,99.95216424028405
6691.05527638191,1e-04,99.95184759971684
6735.075376884422,1e-04,99.9515309611558
6779.095477386934,1e-04,99.95121432460093
6823.115577889447,1e-04,99.95089769005219
6867.13567839196,1e-04,99.95058105750957
6911.155778894472,1e-04,99.95026442697306
6955.175879396985,1e-04,99.94994779844262
6999.195979899498,1e-04,99.94963117191826
7043.2160804020095,1e-04,99.94931454739992
7087.236180904522,1e-04,99.94899792488764
7131.256281407035,1e-04,99.94868130438135
7175.276381909548,1e-04,99.94836468588105
7219.29648241206,1e-04,99.94804806938672
7263.316582914573,1e-04,99.94773145489833
7307.336683417086,1e-04,99.94741484241587
7351.356783919598,1e-04,99.94709823193932
7395.37688442211,1e-04,99.94678162346868
7439.396984924623,1e-04,99.9464650170039
7483.417085427136,1e-04,99.94614841254497
7527.437185929648,1e-04,99.94583181009189
7571.457286432161,1e-04,99.94551520964463
7615.477386934674,1e-04,99.94519861120314
7659.497487437186,1e-04,99.94488201476744
7703.517587939698,1e-04,99.94456542033751
7747.537688442211,1e-04,99.94424882791331
7791.557788944723,1e-04,99.94393223749483
7835.577889447236,1e-04,99.94361564908206
7879.597989949749,1e-04,99.94329906267497
7923.618090452262,1e-04,99.94298247827355
7967.638190954774,1e-04,99.94266589587775
8011.658291457286,1e-04,99.9423493154876
8055.678391959799,1e-04,99.94203273710305
8099.698492462311,1e-04,99.94171616072408
8143.718592964824,1e-04,99.94139958635068
8187.738693467337,1e-04,99.94108301398283
8231.75879396985,1e-04,99.94076644362052
8275.778894472362,1e-04,99.94044987526371
8319.798994974873,1e-04,99.9401333089124
8363.819095477387,1e-04,99.93981674456656
8407.8391959799,1e-04,99.93950018222617
8451.859296482413,1e-04,99.93918362189122
8495.879396984925,1e-04,99.93886706356167
8539.899497487437,1e-04,99.93855050723755
8583.91959798995,1e-04,99.93823395291878
8627.939698492462,1e-04,99.93791740060539
8671.959798994974,1e-04,99.93760085029731
8715.979899497488,1e-04,99.93728430199457
8760.0,1e-04,99.93696775569713
0.0,1e-03,100.0
44.02010050251256,1e-03,99.9968306532146
88.04020100502512,1e-03,99.993661507318
132.0603015075377,1e-03,99.99049256229112
176.08040201005025,1e-03,99.98732381811486
220.1005025125628,1e-03,99.98415527477013
264.1206030150754,1e-03,99.98098693223781
308.14070351758795,1e-03,99.97781879049884
352.1608040201005,1e-03,99.97465084953414
396.18090452261305,1e-03,99.9714831093246
440.2010050251256,1e-03,99.96831556985116
484.2211055276382,1e-03,99.9651482310947
528.2412060301508,1e-03,99.96198109303617
572.2613065326633,1e-03,99.95881415565651
616.2814070351759,1e-03,99.95564741893664
660.3015075376884,1e-03,99.95248088285746
704.321608040201,1e-03,99.94931454739992
748.3417085427136,1e-03,99.94614841254497
792.3618090452261,1e-03,99.94298247827355
836.3819095477387,1e-03,99.93981674456656
880.4020100502512,1e-03,99.93665121140496
924.4221105527638,1e-03,99.93348587876973
968.4422110552764,1e-03,99.93032074664175
1012.4623115577889,1e-03,99.92715581500202
1056.4824120603016,1e-03,99.92399108383148
1100.502512562814,1e-03,99.92082655311108
1144.5226130653266,1e-03,99.91766222282178
1188.5427135678392,1e-03,99.91449809294453
1232.5628140703518,1e-03,99.9113341634603
1276.5829145728644,1e-03,99.90817043435004
1320.6030150753768,1e-03,99.90500690559473
1364.6231155778894,1e-03,99.90184357717533
1408.643216080402,1e-03,99.89868044907281
1452.6633165829146,1e-03,99.89551752126816
1496.6834170854272,1e-03,99.89235479374234
1540.7035175879396,1e-03,99.88919226647633
1584.7236180904522,1e-03,99.88602993945112
1628.7437185929648,1e-03,99.88286781264767
1672.7638190954774,1e-03,99.87970588604699
1716.78391959799,1e-03,99.87654415963004
1760.8040201005024,1e-03,99.87338263337784
1804.824120603015,1e-03,99.87022130727136
1848.8442211055276,1e-03,99.8670601812916
1892.8643216080402,1e-03,99.86389925541958
1936.8844221105528,1e-03,99.86073852963628
1980.9045226130654,1e-03,99.85757800392268
2024.9246231155778,1e-03,99.85441767825982
2068.9447236180904,1e-03,99.85125755262871
2112.964824120603,1e-03,99.84809762701032
2156.9849246231156,1e-03,99.84493790138568
2201.005025125628,1e-03,99.84177837573583
2245.025125628141,1e-03,99.83861905004174
2289.045226130653,1e-03,99.83545992428446
2333.065326633166,1e-03,99.832300998445
2377.0854271356784,1e-03,99.82914227250441
2421.105527638191,1e-03,99.8259837464437
2465.1256281407036,1e-03,99.82282542024386
2509.145728643216,1e-03,99.81966729388597
2553.165829145729,1e-03,99.81650936735105
2597.185929648241,1e-03,99.81335164062011
2641.2060301507536,1e-03,99.81019411367424
2685.2261306532664,1e-03,99.80703678649444
2729.246231155779,1e-03,99.80387965906176
2773.2663316582916,1e-03,99.80072273135725
2817.286432160804,1e-03,99.79756600336196
2861.3065326633164,1e-03,99.79440947505694
2905.326633165829,1e-03,99.79125314642323
2949.3467336683416,1e-03,99.78809701744188
2993.3668341708544,1e-03,99.78494108809399
3037.386934673367,1e-03,99.78178535836058
3081.407035175879,1e-03,99.77862982822272
3125.427135678392,1e-03,99.77547449766148
3169.4472361809044,1e-03,99.77231936665791
3213.467336683417,1e-03,99.7691644351931
3257.4874371859296,1e-03,99.76600970324812
3301.507537688442,1e-03,99.76285517080403
3345.527638190955,1e-03,99.75970083784192
3389.547738693467,1e-03,99.75654670434287
3433.56783919598,1e-03,99.75339277028795
3477.5879396984924,1e-03,99.75023903565824
3521.6080402010048,1e-03,99.74708550043484
3565.6281407035176,1e-03,99.74393216459883
3609.64824120603,1e-03,99.7407790281313
3653.668341708543,1e-03,99.73762609101335
3697.688442211055,1e-03,99.73447335322606
3741.708542713568,1e-03,99.73132081475057
3785.7286432160804,1e-03,99.72816847556793
3829.748743718593,1e-03,99.72501633565926
3873.7688442211056,1e-03,99.72186439500567
3917.788944723618,1e-03,99.71871265358826
3961.809045226131,1e-03,99.71556111138815
4005.829145728643,1e-03,99.71240976838645
4049.8492462311556,1e-03,99.70925862456427
4093.8693467336684,1e-03,99.70610767990273
4137.889447236181,1e-03,99.70295693438294
4181.909547738694,1e-03,99.69980638798603
4225.929648241206,1e-03,99.69665604069313
4269.949748743718,1e-03,99.69350589248536
4313.969849246231,1e-03,99.69035594334385
4357.989949748744,1e-03,99.68720619324972
4402.010050251256,1e-03,99.68405664218413
4446.030150753769,1e-03,99.68090729012819
4490.050251256282,1e-03,99.67775813706305
4534.070351758794,1e-03,99.67460918296986
4578.090452261306,1e-03,99.67146042782974
4622.110552763819,1e-03,99.66831187162384
4666.130653266332,1e-03,99.66516351433333
4710.150753768844,1e-03,99.66201535593935
4754.170854271357,1e-03,99.65886739642305
4798.19095477387,1e-03,99.65571963576558
4842.211055276382,1e-03,99.6525720739481
4886.231155778894,1e-03,99.64942471095178
4930.251256281407,1e-03,99.64627754675776
4974.271356783919,1e-03,99.64313058134722
5018.291457286432,1e-03,99.63998381470134
5062.311557788945,1e-03,99.63683724680126
5106.331658291458,1e-03,99.63369087762818
5150.35175879397,1e-03,99.63054470716327
5194.371859296482,1e-03,99.62739873538767
5238.391959798995,1e-03,99.62425296228261
5282.412060301507,1e-03,99.62110738782923
5326.43216080402,1e-03,99.61796201200875
5370.452261306533,1e-03,99.61481683480233
5414.472361809045,1e-03,99.61167185619117
5458.492462311558,1e-03,99.60852707615645
5502.51256281407,1e-03,99.60538249467938
5546.532663316583,1e-03,99.60223811174113
5590.552763819095,1e-03,99.59909392732293
5634.572864321608,1e-03,99.59594994140595
5678.592964824121,1e-03,99.59280615397141
5722.613065326633,1e-03,99.58966256500052
5766.633165829146,1e-03,99.58651917447447
5810.653266331658,1e-03,99.58337598237449
5854.673366834171,1e-03,99.58023298868177
5898.693467336683,1e-03,99.57709019337754
5942.713567839196,1e-03,99.57394759644302
5986.733668341709,1e-03,99.57080519785941
6030.753768844221,1e-03,99.56766299760795
6074.773869346734,1e-03,99.56452099566987
6118.793969849246,1e-03,99.56137919202637
6162.814070351758,1e-03,99.55823758665869
6206.834170854271,1e-03,99.55509617954807
6250.854271356784,1e-03,99.55195497067574
6294.874371859297,1e-03,99.54881396002293
6338.894472361809,1e-03,99.54567314757088
6382.914572864322,1e-03,99.54253253330083
6426.934673366834,1e-03,99.53939211719403
6470.954773869346,1e-03,99.53625189923171
6514.974874371859,1e-03,99.53311187939514
6558.994974874372,1e-03,99.52997205766556
6603.015075376884,1e-03,99.52683243402421
6647.035175879397,1e-03,99.52369300845237
6691.05527638191,1e-03,99.52055378093127
6735.075376884422,1e-03,99.51741475144217
6779.095477386934,1e-03,99.51427591996638
6823.115577889447,1e-03,99.51113728648511
6867.13567839196,1e-03,99.50799885097965
6911.155778894472,1e-03,99.50486061343125
6955.175879396985,1e-03,99.5017225738212
6999.195979899498,1e-03,99.49858473213077
7043.2160804020095,1e-03,99.49544708834124
7087.236180904522,1e-03,99.49230964243387
7131.256281407035,1e-03,99.48917239438997
7175.276381909548,1e-03,99.48603534419081
7219.29648241206,1e-03,99.48289849181766
7263.316582914573,1e-03,99.47976183725183
7307.336683417086,1e-03,99.47662538047459
7351.356783919598,1e-03,99.47348912146727
7395.37688442211,1e-03,99.47035306021111
7439.396984924623,1e-03,99.46721719668746
7483.417085427136,1e-03,99.46408153087756
7527.437185929648,1e-03,99.46094606276277
7571.457286432161,1e-03,99.45781079232438
7615.477386934674,1e-03,99.45467571954369
7659.497487437186,1e-03,99.451540844402
7703.517587939698,1e-03,99.44840616688062
7747.537688442211,1e-03,99.4452716869609
7791.557788944723,1e-03,99.44213740462409
7835.577889447236,1e-03,99.43900331985157
7879.597989949749,1e-03,99.43586943262464
7923.618090452262,1e-03,99.43273574292462
7967.638190954774,1e-03,99.42960225073284
8011.658291457286,1e-03,99.42646895603063
8055.678391959799,1e-03,99.4233358587993
8099.698492462311,1e-03,99.42020295902022
8143.718592964824,1e-03,99.41707025667469
8187.738693467337,1e-03,99.41393775174406
8231.75879396985,1e-03,99.41080544420969
8275.778894472362,1e-03,99.40767333405289
8319.798994974873,1e-03,99.404541421255
8363.819095477387,1e-03,99.4014097057974
8407.8391959799,1e-03,99.39827818766143
8451.859296482413,1e-03,99.39514686682843
8495.879396984925,1e-03,99.39201574327974
8539.899497487437,1e-03,99.38888481699676
8583.91959798995,1e-03,99.3857540879608
8627.939698492462,1e-03,99.38262355615326
8671.959798994974,1e-03,99.37949322155549
8715.979899497488,1e-03,99.37636308414885
8760.0,1e-03,99.3732331439147
