T (K),P (bar),g/year
4.0,1 bar,3.7979758487862396
7.746835443037975,1 bar,1.9610463532948557
11.49367088607595,1 bar,1.3217625200621712
15.240506329113924,1 bar,0.9968109370568535
18.9873417721519,1 bar,0.800106912144301
22.734177215189874,1 bar,0.6682407395414541
26.481012658227847,1 bar,0.5736904245776537
30.227848101265824,1 bar,0.5025797186836062
33.9746835443038,1 bar,0.44715363942490743
37.721518987341774,1 bar,0.40273837859612466
41.46835443037975,1 bar,0.3663493187473906
45.21518987341772,1 bar,0.3359911445174837
48.962025316455694,1 bar,0.31027930925968245
52.70886075949367,1 bar,0.28822295106062723
56.45569620253165,1 bar,0.26909425296332995
60.20253164556962,1 bar,0.2523465870934507
63.949367088607595,1 bar,0.23756143472217964
67.69620253164557,1 bar,0.22441293347353244
71.44303797468355,1 bar,0.2126435804777554
75.18987341772151,1 bar,0.2020472000364397
78.9367088607595,1 bar,0.19245676206165035
82.68354430379746,1 bar,0.1837355125867195
86.43037974683544,1 bar,0.17577041127950374
90.17721518987342,1 bar,0.16846720497142778
93.92405063291139,1 bar,0.16174668035262155
97.67088607594937,1 bar,0.1555417791882389
101.41772151898734,1 bar,0.14979535299756014
105.16455696202532,1 bar,0.14445839771502786
108.9113924050633,1 bar,0.1394886527448224
112.65822784810126,1 bar,0.13484947957488222
116.40506329113924,1 bar,0.13050895696133663
120.15189873417721,1 bar,0.12643914540839146
123.89873417721519,1 bar,0.12261548510589003
127.64556962025317,1 bar,0.11901629990246448
131.39240506329114,1 bar,0.1156223861480204
135.13924050632912,1 bar,0.1124166699341
138.8860759493671,1 bar,0.10938391981557159
142.63291139240505,1 bar,0.10651050481154169
146.37974683544303,1 bar,0.10378418957250533
150.126582278481,1 bar,0.10119396022061143
153.873417721519,1 bar,0.09872987563478541
157.62025316455697,1 bar,0.09638293994671149
161.36708860759492,1 bar,0.09414499280016095
165.1139240506329,1 bar,0.09200861455201255
168.86075949367088,1 bar,0.08996704409418678
172.60759493670886,1 bar,0.08801410737873655
176.35443037974684,1 bar,0.08614415505429597
180.1012658227848,1 bar,0.08435200788701516
183.84810126582278,1 bar,0.08263290885544283
187.59493670886076,1 bar,0.0809824809862653
191.34177215189874,1 bar,0.07939669014398332
195.08860759493672,1 bar,0.07787181210851621
198.83544303797467,1 bar,0.07640440337512425
202.58227848101265,1 bar,0.07499127519472956
206.32911392405063,1 bar,0.0736294704427271
210.0759493670886,1 bar,0.07231624296315085
213.8227848101266,1 bar,0.0710490390845638
217.56962025316454,1 bar,0.06982548104587222
221.31645569620252,1 bar,0.06864335210572248
225.0632911392405,1 bar,0.06750058313928299
228.81012658227849,1 bar,0.06639524055191699
232.55696202531647,1 bar,0.0653255153612264
236.30379746835442,1 bar,0.06428971331778721
240.0506329113924,1 bar,0.06328624595108899
243.79746835443038,1 bar,0.06231362244114494
247.54430379746836,1 bar,0.06137044222829065
251.29113924050634,1 bar,0.06045538828412512
255.0379746835443,1 bar,0.05956722097560312
258.7848101265823,1 bar,0.058704772462162574
262.53164556962025,1 bar,0.05786694157263508
266.27848101265823,1 bar,0.057052689114682045
270.0253164556962,1 bar,0.05626103357474459
273.7721518987342,1 bar,0.05549104717109541
277.5189873417722,1 bar,0.054741852226621576
281.2658227848101,1 bar,0.05401261783152348
285.0126582278481,1 bar,0.05330255676925083
288.75949367088606,1 bar,0.052610922681766245
292.50632911392404,1 bar,0.051937007452676626
296.253164556962,1 bar,0.05128013878894427
300.0,1 bar,0.05063967798381652
4.0,5 bar,18.989879243931195
7.746835443037975,5 bar,9.80523176647428
11.49367088607595,5 bar,6.6088126003108565
15.240506329113924,5 bar,4.984054685284268
18.9873417721519,5 bar,4.000534560721506
22.734177215189874,5 bar,3.3412036977072708
26.481012658227847,5 bar,2.8684521228882693
30.227848101265824,5 bar,2.512898593418031
33.9746835443038,5 bar,2.235768197124537
37.721518987341774,5 bar,2.013691892980624
41.46835443037975,5 bar,1.831746593736953
45.21518987341772,5 bar,1.6799557225874184
48.962025316455694,5 bar,1.5513965462984125
52.70886075949367,5 bar,1.4411147553031363
56.45569620253165,5 bar,1.3454712648166498
60.20253164556962,5 bar,1.2617329354672537
63.949367088607595,5 bar,1.1878071736108984
67.69620253164557,5 bar,1.1220646673676624
71.44303797468355,5 bar,1.0632179023887773
75.18987341772151,5 bar,1.0102360001821984
78.9367088607595,5 bar,0.9622838103082518
82.68354430379746,5 bar,0.9186775629335976
86.43037974683544,5 bar,0.8788520563975188
90.17721518987342,5 bar,0.842336024857139
93.92405063291139,5 bar,0.8087334017631076
97.67088607594937,5 bar,0.7777088959411947
101.41772151898734,5 bar,0.7489767649878007
105.16455696202532,5 bar,0.7222919885751395
108.9113924050633,5 bar,0.6974432637241119
112.65822784810126,5 bar,0.6742473978744111
116.40506329113924,5 bar,0.6525447848066832
120.15189873417721,5 bar,0.6321957270419573
123.89873417721519,5 bar,0.6130774255294501
127.64556962025317,5 bar,0.5950814995123224
131.39240506329114,5 bar,0.578111930740102
135.13924050632912,5 bar,0.5620833496705001
138.8860759493671,5 bar,0.546919599077858
142.63291139240505,5 bar,0.5325525240577085
146.37974683544303,5 bar,0.5189209478625267
150.126582278481,5 bar,0.5059698011030573
153.873417721519,5 bar,0.4936493781739271
157.62025316455697,5 bar,0.48191469973355755
161.36708860759492,5 bar,0.47072496400080477
165.1139240506329,5 bar,0.46004307276006273
168.86075949367088,5 bar,0.4498352204709339
172.60759493670886,5 bar,0.44007053689368275
176.35443037974684,5 bar,0.4307207752714799
180.1012658227848,5 bar,0.4217600394350759
183.84810126582278,5 bar,0.4131645442772143
187.59493670886076,5 bar,0.4049124049313265
191.34177215189874,5 bar,0.39698345071991653
195.08860759493672,5 bar,0.389359060542581
198.83544303797467,5 bar,0.3820220168756213
202.58227848101265,5 bar,0.3749563759736478
206.32911392405063,5 bar,0.3681473522136355
210.0759493670886,5 bar,0.36158121481575434
213.8227848101266,5 bar,0.355245195422819
217.56962025316454,5 bar,0.34912740522936114
221.31645569620252,5 bar,0.34321676052861233
225.0632911392405,5 bar,0.337502915696415
228.81012658227849,5 bar,0.331976202759585
232.55696202531647,5 bar,0.3266275768061321
236.30379746835442,5 bar,0.3214485665889361
240.0506329113924,5 bar,0.31643122975544496
243.79746835443038,5 bar,0.3115681122057248
247.54430379746836,5 bar,0.3068522111414532
251.29113924050634,5 bar,0.3022769414206256
255.0379746835443,5 bar,0.29783610487801565
258.7848101265823,5 bar,0.2935238623108129
262.53164556962025,5 bar,0.2893347078631754
266.27848101265823,5 bar,0.2852634455734102
270.0253164556962,5 bar,0.28130516787372295
273.7721518987342,5 bar,0.27745523585547704
277.5189873417722,5 bar,0.2737092611331079
281.2658227848101,5 bar,0.2700630891576174
285.0126582278481,5 bar,0.26651278384625415
288.75949367088606,5 bar,0.26305461340883124
292.50632911392404,5 bar,0.25968503726338316
296.253164556962,5 bar,0.25640069394472137
300.0,5 bar,0.25319838991908267
4.0,12 bar,45.57571018543487
7.746835443037975,12 bar,23.532556239538266
11.49367088607595,12 bar,15.861150240746053
15.240506329113924,12 bar,11.961731244682243
18.9873417721519,12 bar,9.601282945731612
22.734177215189874,12 bar,8.018888874497447
26.481012658227847,12 bar,6.884285094931846
30.227848101265824,12 bar,6.030956624203275
33.9746835443038,12 bar,5.365843673098889
37.721518987341774,12 bar,4.832860543153496
41.46835443037975,12 bar,4.396191824968687
45.21518987341772,12 bar,4.031893734209804
48.962025316455694,12 bar,3.723351711116189
52.70886075949367,12 bar,3.4586754127275263
56.45569620253165,12 bar,3.2291310355599587
60.20253164556962,12 bar,3.028159045121409
63.949367088607595,12 bar,2.8507372166661558
67.69620253164557,12 bar,2.69295520168239
71.44303797468355,12 bar,2.551722965733065
75.18987341772151,12 bar,2.424566400437276
78.9367088607595,12 bar,2.309481144739804
82.68354430379746,12 bar,2.204826151040634
86.43037974683544,12 bar,2.1092449353540452
90.17721518987342,12 bar,2.0216064596571335
93.92405063291139,12 bar,1.9409601642314578
97.67088607594937,12 bar,1.8665013502588672
101.41772151898734,12 bar,1.7975442359707217
105.16455696202532,12 bar,1.7335007725803349
108.9113924050633,12 bar,1.6738638329378683
112.65822784810126,12 bar,1.6181937548985865
116.40506329113924,12 bar,1.5661074835360396
120.15189873417721,12 bar,1.5172697449006975
123.89873417721519,12 bar,1.4713858212706803
127.64556962025317,12 bar,1.4281955988295736
131.39240506329114,12 bar,1.3874686337762447
135.13924050632912,12 bar,1.3490000392092
138.8860759493671,12 bar,1.312607037786859
142.63291139240505,12 bar,1.2781260577385003
146.37974683544303,12 bar,1.245410274870064
150.126582278481,12 bar,1.2143275226473373
153.873417721519,12 bar,1.1847585076174252
157.62025316455697,12 bar,1.1565952793605379
161.36708860759492,12 bar,1.1297399136019313
165.1139240506329,12 bar,1.1041033746241504
168.86075949367088,12 bar,1.0796045291302414
172.60759493670886,12 bar,1.0561692885448386
176.35443037974684,12 bar,1.033729860651552
180.1012658227848,12 bar,1.0122240946441823
183.84810126582278,12 bar,0.9915949062653141
187.59493670886076,12 bar,0.9717897718351836
191.34177215189874,12 bar,0.9527602817277997
195.08860759493672,12 bar,0.9344617453021944
198.83544303797467,12 bar,0.916852840501491
202.58227848101265,12 bar,0.8998953023367546
206.32911392405063,12 bar,0.8835536453127252
210.0759493670886,12 bar,0.8677949155578103
213.8227848101266,12 bar,0.8525884690147655
217.56962025316454,12 bar,0.8379057725504666
221.31645569620252,12 bar,0.8237202252686696
225.0632911392405,12 bar,0.8100069976713958
228.81012658227849,12 bar,0.796742886623004
232.55696202531647,12 bar,0.7839061843347169
236.30379746835442,12 bar,0.7714765598134465
240.0506329113924,12 bar,0.7594349514130679
243.79746835443038,12 bar,0.7477634692937393
247.54430379746836,12 bar,0.7364453067394877
251.29113924050634,12 bar,0.7254646594095013
255.0379746835443,12 bar,0.7148066517072375
258.7848101265823,12 bar,0.7044572695459509
262.53164556962025,12 bar,0.6944032988716209
266.27848101265823,12 bar,0.6846322693761846
270.0253164556962,12 bar,0.6751324028969351
273.7721518987342,12 bar,0.665892566053145
277.5189873417722,12 bar,0.656902226719459
281.2658227848101,12 bar,0.6481514139782818
285.0126582278481,12 bar,0.6396306812310099
288.75949367088606,12 bar,0.631331072181195
292.50632911392404,12 bar,0.6232440894321196
296.253164556962,12 bar,0.6153616654673311
300.0,12 bar,0.6076761358057983
