supplier,temperature_k,size,pressure_bar,he_loss_kg_year
Meca Inox (HDPE),4,DN06,1,3.038380679028991e-06
Meca Inox (HDPE),4,DN06,2,6.076761358057982e-06
Meca Inox (HDPE),4,DN06,3,9.115142037086975e-06
Meca Inox (HDPE),4,DN06,4,1.2153522716115963e-05
Meca Inox (HDPE),4,DN06,5,1.5191903395144955e-05
Meca Inox (HDPE),4,DN06,6,1.823028407417395e-05
Meca Inox (HDPE),4,DN06,7,2.126866475320294e-05
Meca Inox (HDPE),4,DN06,8,2.4307045432231927e-05
Meca Inox (HDPE),4,DN06,9,2.7345426111260927e-05
Meca Inox (HDPE),4,DN06,10,3.038380679028991e-05
Meca Inox (HDPE),4,DN06,11,3.3422187469318904e-05
Meca Inox (HDPE),4,DN06,12,3.64605681483479e-05
Meca Inox (HDPE),4,DN12,1,3.7979758487862384e-06
Meca Inox (HDPE),4,DN12,2,7.595951697572477e-06
Meca Inox (HDPE),4,DN12,3,1.139392754635872e-05
Meca Inox (HDPE),4,DN12,4,1.5191903395144953e-05
Meca Inox (HDPE),4,DN12,5,1.8989879243931193e-05
Meca Inox (HDPE),4,DN12,6,2.278785509271744e-05
Meca Inox (HDPE),4,DN12,7,2.6585830941503675e-05
Meca Inox (HDPE),4,DN12,8,3.0383806790289907e-05
Meca Inox (HDPE),4,DN12,9,3.4181782639076156e-05
Meca Inox (HDPE),4,DN12,10,3.7979758487862385e-05
Meca Inox (HDPE),4,DN12,11,4.177773433664863e-05
Meca Inox (HDPE),4,DN12,12,4.557571018543488e-05
Meca Inox (HDPE),4,DN25,1,4.747469810982798e-06
Meca Inox (HDPE),4,DN25,2,9.494939621965596e-06
Meca Inox (HDPE),4,DN25,3,1.42424094329484e-05
Meca Inox (HDPE),4,DN25,4,1.8989879243931193e-05
Meca Inox (HDPE),4,DN25,5,2.373734905491399e-05
Meca Inox (HDPE),4,DN25,6,2.84848188658968e-05
Meca Inox (HDPE),4,DN25,7,3.323228867687959e-05
Meca Inox (HDPE),4,DN25,8,3.7979758487862385e-05
Meca Inox (HDPE),4,DN25,9,4.2727228298845194e-05
Meca Inox (HDPE),4,DN25,10,4.747469810982798e-05
Meca Inox (HDPE),4,DN25,11,5.222216792081078e-05
Meca Inox (HDPE),4,DN25,12,5.69696377317936e-05
Meca Inox (HDPE),4,DN50,1,6.076761358057982e-06
Meca Inox (HDPE),4,DN50,2,1.2153522716115963e-05
Meca Inox (HDPE),4,DN50,3,1.823028407417395e-05
Meca Inox (HDPE),4,DN50,4,2.4307045432231927e-05
Meca Inox (HDPE),4,DN50,5,3.038380679028991e-05
Meca Inox (HDPE),4,DN50,6,3.64605681483479e-05
Meca Inox (HDPE),4,DN50,7,4.253732950640588e-05
Meca Inox (HDPE),4,DN50,8,4.8614090864463854e-05
Meca Inox (HDPE),4,DN50,9,5.4690852222521854e-05
Meca Inox (HDPE),4,DN50,10,6.076761358057982e-05
Meca Inox (HDPE),4,DN50,11,6.684437493863781e-05
Meca Inox (HDPE),4,DN50,12,7.29211362966958e-05
Meca Inox (HDPE),20,DN06,1,6.076761358057983e-07
Meca Inox (HDPE),20,DN06,2,1.2153522716115966e-06
Meca Inox (HDPE),20,DN06,3,1.8230284074173952e-06
Meca Inox (HDPE),20,DN06,4,2.430704543223193e-06
Meca Inox (HDPE),20,DN06,5,3.038380679028991e-06
Meca Inox (HDPE),20,DN06,6,3.6460568148347903e-06
Meca Inox (HDPE),20,DN06,7,4.253732950640587e-06
Meca Inox (HDPE),20,DN06,8,4.861409086446386e-06
Meca Inox (HDPE),20,DN06,9,5.469085222252185e-06
Meca Inox (HDPE),20,DN06,10,6.076761358057982e-06
Meca Inox (HDPE),20,DN06,11,6.68443749386378e-06
Meca Inox (HDPE),20,DN06,12,7.292113629669581e-06
Meca Inox (HDPE),20,DN12,1,7.595951697572478e-07
Meca Inox (HDPE),20,DN12,2,1.5191903395144956e-06
Meca Inox (HDPE),20,DN12,3,2.2787855092717438e-06
Meca Inox (HDPE),20,DN12,4,3.0383806790289913e-06
Meca Inox (HDPE),20,DN12,5,3.7979758487862384e-06
Meca Inox (HDPE),20,DN12,6,4.5575710185434876e-06
Meca Inox (HDPE),20,DN12,7,5.317166188300734e-06
Meca Inox (HDPE),20,DN12,8,6.076761358057983e-06
Meca Inox (HDPE),20,DN12,9,6.836356527815231e-06
Meca Inox (HDPE),20,DN12,10,7.595951697572477e-06
Meca Inox (HDPE),20,DN12,11,8.355546867329724e-06
Meca Inox (HDPE),20,DN12,12,9.115142037086975e-06
Meca Inox (HDPE),20,DN25,1,9.494939621965598e-07
Meca Inox (HDPE),20,DN25,2,1.8989879243931196e-06
Meca Inox (HDPE),20,DN25,3,2.84848188658968e-06
Meca Inox (HDPE),20,DN25,4,3.7979758487862392e-06
Meca Inox (HDPE),20,DN25,5,4.747469810982798e-06
Meca Inox (HDPE),20,DN25,6,5.69696377317936e-06
Meca Inox (HDPE),20,DN25,7,6.646457735375918e-06
Meca Inox (HDPE),20,DN25,8,7.5959516975724784e-06
Meca Inox (HDPE),20,DN25,9,8.545445659769039e-06
Meca Inox (HDPE),20,DN25,10,9.494939621965596e-06
Meca Inox (HDPE),20,DN25,11,1.0444433584162155e-05
Meca Inox (HDPE),20,DN25,12,1.139392754635872e-05
Meca Inox (HDPE),20,DN50,1,1.2153522716115966e-06
Meca Inox (HDPE),20,DN50,2,2.430704543223193e-06
Meca Inox (HDPE),20,DN50,3,3.6460568148347903e-06
Meca Inox (HDPE),20,DN50,4,4.861409086446386e-06
Meca Inox (HDPE),20,DN50,5,6.076761358057982e-06
Meca Inox (HDPE),20,DN50,6,7.292113629669581e-06
Meca Inox (HDPE),20,DN50,7,8.507465901281174e-06
Meca Inox (HDPE),20,DN50,8,9.722818172892772e-06
Meca Inox (HDPE),20,DN50,9,1.093817044450437e-05
Meca Inox (HDPE),20,DN50,10,1.2153522716115963e-05
Meca Inox (HDPE),20,DN50,11,1.336887498772756e-05
Meca Inox (HDPE),20,DN50,12,1.4584227259339161e-05
Meca Inox (HDPE),80,DN06,1,1.5191903395144957e-07
Meca Inox (HDPE),80,DN06,2,3.0383806790289914e-07
Meca Inox (HDPE),80,DN06,3,4.557571018543488e-07
Meca Inox (HDPE),80,DN06,4,6.076761358057983e-07
Meca Inox (HDPE),80,DN06,5,7.595951697572477e-07
Meca Inox (HDPE),80,DN06,6,9.115142037086976e-07
Meca Inox (HDPE),80,DN06,7,1.0634332376601468e-06
Meca Inox (HDPE),80,DN06,8,1.2153522716115966e-06
Meca Inox (HDPE),80,DN06,9,1.3672713055630463e-06
Meca Inox (HDPE),80,DN06,10,1.5191903395144954e-06
Meca Inox (HDPE),80,DN06,11,1.671109373465945e-06
Meca Inox (HDPE),80,DN06,12,1.8230284074173952e-06
Meca Inox (HDPE),80,DN12,1,1.8989879243931196e-07
Meca Inox (HDPE),80,DN12,2,3.797975848786239e-07
Meca Inox (HDPE),80,DN12,3,5.696963773179359e-07
Meca Inox (HDPE),80,DN12,4,7.595951697572478e-07
Meca Inox (HDPE),80,DN12,5,9.494939621965596e-07
Meca Inox (HDPE),80,DN12,6,1.1393927546358719e-06
Meca Inox (HDPE),80,DN12,7,1.3292915470751836e-06
Meca Inox (HDPE),80,DN12,8,1.5191903395144956e-06
Meca Inox (HDPE),80,DN12,9,1.7090891319538077e-06
Meca Inox (HDPE),80,DN12,10,1.8989879243931192e-06
Meca Inox (HDPE),80,DN12,11,2.088886716832431e-06
Meca Inox (HDPE),80,DN12,12,2.2787855092717438e-06
Meca Inox (HDPE),80,DN25,1,2.3737349054913995e-07
Meca Inox (HDPE),80,DN25,2,4.747469810982799e-07
Meca Inox (HDPE),80,DN25,3,7.1212047164742e-07
Meca Inox (HDPE),80,DN25,4,9.494939621965598e-07
Meca Inox (HDPE),80,DN25,5,1.1868674527456995e-06
Meca Inox (HDPE),80,DN25,6,1.42424094329484e-06
Meca Inox (HDPE),80,DN25,7,1.6616144338439794e-06
Meca Inox (HDPE),80,DN25,8,1.8989879243931196e-06
Meca Inox (HDPE),80,DN25,9,2.1363614149422598e-06
Meca Inox (HDPE),80,DN25,10,2.373734905491399e-06
Meca Inox (HDPE),80,DN25,11,2.611108396040539e-06
Meca Inox (HDPE),80,DN25,12,2.84848188658968e-06
Meca Inox (HDPE),80,DN50,1,3.0383806790289914e-07
Meca Inox (HDPE),80,DN50,2,6.076761358057983e-07
Meca Inox (HDPE),80,DN50,3,9.115142037086976e-07
Meca Inox (HDPE),80,DN50,4,1.2153522716115966e-06
Meca Inox (HDPE),80,DN50,5,1.5191903395144954e-06
Meca Inox (HDPE),80,DN50,6,1.8230284074173952e-06
Meca Inox (HDPE),80,DN50,7,2.1268664753202936e-06
Meca Inox (HDPE),80,DN50,8,2.430704543223193e-06
Meca Inox (HDPE),80,DN50,9,2.7345426111260926e-06
Meca Inox (HDPE),80,DN50,10,3.038380679028991e-06
Meca Inox (HDPE),80,DN50,11,3.34221874693189e-06
Meca Inox (HDPE),80,DN50,12,3.6460568148347903e-06
Meca Inox (HDPE),300,DN06,1,4.051174238705322e-08
Meca Inox (HDPE),300,DN06,2,8.102348477410643e-08
Meca Inox (HDPE),300,DN06,3,1.2153522716115965e-07
Meca Inox (HDPE),300,DN06,4,1.6204696954821287e-07
Meca Inox (HDPE),300,DN06,5,2.0255871193526606e-07
Meca Inox (HDPE),300,DN06,6,2.430704543223193e-07
Meca Inox (HDPE),300,DN06,7,2.8358219670937254e-07
Meca Inox (HDPE),300,DN06,8,3.2409393909642574e-07
Meca Inox (HDPE),300,DN06,9,3.64605681483479e-07
Meca Inox (HDPE),300,DN06,10,4.051174238705321e-07
Meca Inox (HDPE),300,DN06,11,4.456291662575854e-07
Meca Inox (HDPE),300,DN06,12,4.861409086446386e-07
Meca Inox (HDPE),300,DN12,1,5.0639677983816514e-08
Meca Inox (HDPE),300,DN12,2,1.0127935596763303e-07
Meca Inox (HDPE),300,DN12,3,1.5191903395144957e-07
Meca Inox (HDPE),300,DN12,4,2.0255871193526606e-07
Meca Inox (HDPE),300,DN12,5,2.5319838991908257e-07
Meca Inox (HDPE),300,DN12,6,3.0383806790289914e-07
Meca Inox (HDPE),300,DN12,7,3.5447774588671565e-07
Meca Inox (HDPE),300,DN12,8,4.051174238705321e-07
Meca Inox (HDPE),300,DN12,9,4.557571018543487e-07
Meca Inox (HDPE),300,DN12,10,5.063967798381651e-07
Meca Inox (HDPE),300,DN12,11,5.570364578219818e-07
Meca Inox (HDPE),300,DN12,12,6.076761358057983e-07
Meca Inox (HDPE),300,DN25,1,6.329959747977064e-08
Meca Inox (HDPE),300,DN25,2,1.2659919495954129e-07
Meca Inox (HDPE),300,DN25,3,1.8989879243931196e-07
Meca Inox (HDPE),300,DN25,4,2.5319838991908257e-07
Meca Inox (HDPE),300,DN25,5,3.164979873988532e-07
Meca Inox (HDPE),300,DN25,6,3.797975848786239e-07
Meca Inox (HDPE),300,DN25,7,4.4309718235839455e-07
Meca Inox (HDPE),300,DN25,8,5.063967798381651e-07
Meca Inox (HDPE),300,DN25,9,5.696963773179358e-07
Meca Inox (HDPE),300,DN25,10,6.329959747977064e-07
Meca Inox (HDPE),300,DN25,11,6.962955722774772e-07
Meca Inox (HDPE),300,DN25,12,7.595951697572478e-07
Meca Inox (HDPE),300,DN50,1,8.102348477410643e-08
Meca Inox (HDPE),300,DN50,2,1.6204696954821287e-07
Meca Inox (HDPE),300,DN50,3,2.430704543223193e-07
Meca Inox (HDPE),300,DN50,4,3.2409393909642574e-07
Meca Inox (HDPE),300,DN50,5,4.051174238705321e-07
Meca Inox (HDPE),300,DN50,6,4.861409086446386e-07
Meca Inox (HDPE),300,DN50,7,5.671643934187451e-07
Meca Inox (HDPE),300,DN50,8,6.481878781928515e-07
Meca Inox (HDPE),300,DN50,9,7.29211362966958e-07
Meca Inox (HDPE),300,DN50,10,8.102348477410642e-07
Meca Inox (HDPE),300,DN50,11,8.912583325151708e-07
Meca Inox (HDPE),300,DN50,12,9.722818172892772e-07
Swagelok SS-42GSE (UHMWPE),4,DN06,1,3.038380679028992e-07
Swagelok SS-42GSE (UHMWPE),4,DN06,2,6.076761358057984e-07
Swagelok SS-42GSE (UHMWPE),4,DN06,3,9.115142037086976e-07
Swagelok SS-42GSE (UHMWPE),4,DN06,4,1.2153522716115968e-06
Swagelok SS-42GSE (UHMWPE),4,DN06,5,1.5191903395144959e-06
Swagelok SS-42GSE (UHMWPE),4,DN06,6,1.8230284074173952e-06
Swagelok SS-42GSE (UHMWPE),4,DN06,7,2.1268664753202936e-06
Swagelok SS-42GSE (UHMWPE),4,DN06,8,2.4307045432231935e-06
Swagelok SS-42GSE (UHMWPE),4,DN06,9,2.734542611126093e-06
Swagelok SS-42GSE (UHMWPE),4,DN06,10,3.0383806790289917e-06
Swagelok SS-42GSE (UHMWPE),4,DN06,11,3.34221874693189e-06
Swagelok SS-42GSE (UHMWPE),4,DN06,12,3.6460568148347903e-06
Swagelok SS-42GSE (UHMWPE),4,DN12,1,3.7979758487862396e-07
Swagelok SS-42GSE (UHMWPE),4,DN12,2,7.595951697572479e-07
Swagelok SS-42GSE (UHMWPE),4,DN12,3,1.1393927546358719e-06
Swagelok SS-42GSE (UHMWPE),4,DN12,4,1.5191903395144959e-06
Swagelok SS-42GSE (UHMWPE),4,DN12,5,1.8989879243931196e-06
Swagelok SS-42GSE (UHMWPE),4,DN12,6,2.2787855092717438e-06
Swagelok SS-42GSE (UHMWPE),4,DN12,7,2.658583094150367e-06
Swagelok SS-42GSE (UHMWPE),4,DN12,8,3.0383806790289917e-06
Swagelok SS-42GSE (UHMWPE),4,DN12,9,3.418178263907616e-06
Swagelok SS-42GSE (UHMWPE),4,DN12,10,3.7979758487862392e-06
Swagelok SS-42GSE (UHMWPE),4,DN12,11,4.177773433664862e-06
Swagelok SS-42GSE (UHMWPE),4,DN12,12,4.5575710185434876e-06
Swagelok SS-42GSE (UHMWPE),4,DN25,1,4.7474698109827996e-07
Swagelok SS-42GSE (UHMWPE),4,DN25,2,9.494939621965599e-07
Swagelok SS-42GSE (UHMWPE),4,DN25,3,1.42424094329484e-06
Swagelok SS-42GSE (UHMWPE),4,DN25,4,1.8989879243931198e-06
Swagelok SS-42GSE (UHMWPE),4,DN25,5,2.3737349054913995e-06
Swagelok SS-42GSE (UHMWPE),4,DN25,6,2.84848188658968e-06
Swagelok SS-42GSE (UHMWPE),4,DN25,7,3.323228867687959e-06
Swagelok SS-42GSE (UHMWPE),4,DN25,8,3.7979758487862396e-06
Swagelok SS-42GSE (UHMWPE),4,DN25,9,4.2727228298845195e-06
Swagelok SS-42GSE (UHMWPE),4,DN25,10,4.747469810982799e-06
Swagelok SS-42GSE (UHMWPE),4,DN25,11,5.222216792081078e-06
Swagelok SS-42GSE (UHMWPE),4,DN25,12,5.69696377317936e-06
Swagelok SS-42GSE (UHMWPE),4,DN50,1,6.076761358057984e-07
Swagelok SS-42GSE (UHMWPE),4,DN50,2,1.2153522716115968e-06
Swagelok SS-42GSE (UHMWPE),4,DN50,3,1.8230284074173952e-06
Swagelok SS-42GSE (UHMWPE),4,DN50,4,2.4307045432231935e-06
Swagelok SS-42GSE (UHMWPE),4,DN50,5,3.0383806790289917e-06
Swagelok SS-42GSE (UHMWPE),4,DN50,6,3.6460568148347903e-06
Swagelok SS-42GSE (UHMWPE),4,DN50,7,4.253732950640587e-06
Swagelok SS-42GSE (UHMWPE),4,DN50,8,4.861409086446387e-06
Swagelok SS-42GSE (UHMWPE),4,DN50,9,5.469085222252186e-06
Swagelok SS-42GSE (UHMWPE),4,DN50,10,6.0767613580579834e-06
Swagelok SS-42GSE (UHMWPE),4,DN50,11,6.68443749386378e-06
Swagelok SS-42GSE (UHMWPE),4,DN50,12,7.292113629669581e-06
Swagelok SS-42GSE (UHMWPE),20,DN06,1,6.076761358057984e-08
Swagelok SS-42GSE (UHMWPE),20,DN06,2,1.2153522716115968e-07
Swagelok SS-42GSE (UHMWPE),20,DN06,3,1.8230284074173952e-07
Swagelok SS-42GSE (UHMWPE),20,DN06,4,2.4307045432231935e-07
Swagelok SS-42GSE (UHMWPE),20,DN06,5,3.0383806790289925e-07
Swagelok SS-42GSE (UHMWPE),20,DN06,6,3.6460568148347903e-07
Swagelok SS-42GSE (UHMWPE),20,DN06,7,4.2537329506405866e-07
Swagelok SS-42GSE (UHMWPE),20,DN06,8,4.861409086446387e-07
Swagelok SS-42GSE (UHMWPE),20,DN06,9,5.469085222252184e-07
Swagelok SS-42GSE (UHMWPE),20,DN06,10,6.076761358057985e-07
Swagelok SS-42GSE (UHMWPE),20,DN06,11,6.684437493863781e-07
Swagelok SS-42GSE (UHMWPE),20,DN06,12,7.292113629669581e-07
Swagelok SS-42GSE (UHMWPE),20,DN12,1,7.59595169757248e-08
Swagelok SS-42GSE (UHMWPE),20,DN12,2,1.519190339514496e-07
Swagelok SS-42GSE (UHMWPE),20,DN12,3,2.2787855092717437e-07
Swagelok SS-42GSE (UHMWPE),20,DN12,4,3.038380679028992e-07
Swagelok SS-42GSE (UHMWPE),20,DN12,5,3.79797584878624e-07
Swagelok SS-42GSE (UHMWPE),20,DN12,6,4.5575710185434874e-07
Swagelok SS-42GSE (UHMWPE),20,DN12,7,5.317166188300733e-07
Swagelok SS-42GSE (UHMWPE),20,DN12,8,6.076761358057984e-07
Swagelok SS-42GSE (UHMWPE),20,DN12,9,6.83635652781523e-07
Swagelok SS-42GSE (UHMWPE),20,DN12,10,7.59595169757248e-07
Swagelok SS-42GSE (UHMWPE),20,DN12,11,8.355546867329726e-07
Swagelok SS-42GSE (UHMWPE),20,DN12,12,9.115142037086975e-07
Swagelok SS-42GSE (UHMWPE),20,DN25,1,9.494939621965599e-08
Swagelok SS-42GSE (UHMWPE),20,DN25,2,1.8989879243931198e-07
Swagelok SS-42GSE (UHMWPE),20,DN25,3,2.8484818865896797e-07
Swagelok SS-42GSE (UHMWPE),20,DN25,4,3.7979758487862396e-07
Swagelok SS-42GSE (UHMWPE),20,DN25,5,4.7474698109828e-07
Swagelok SS-42GSE (UHMWPE),20,DN25,6,5.696963773179359e-07
Swagelok SS-42GSE (UHMWPE),20,DN25,7,6.646457735375916e-07
Swagelok SS-42GSE (UHMWPE),20,DN25,8,7.595951697572479e-07
Swagelok SS-42GSE (UHMWPE),20,DN25,9,8.545445659769039e-07
Swagelok SS-42GSE (UHMWPE),20,DN25,10,9.4949396219656e-07
Swagelok SS-42GSE (UHMWPE),20,DN25,11,1.0444433584162157e-06
Swagelok SS-42GSE (UHMWPE),20,DN25,12,1.1393927546358719e-06
Swagelok SS-42GSE (UHMWPE),20,DN50,1,1.2153522716115968e-07
Swagelok SS-42GSE (UHMWPE),20,DN50,2,2.4307045432231935e-07
Swagelok SS-42GSE (UHMWPE),20,DN50,3,3.6460568148347903e-07
Swagelok SS-42GSE (UHMWPE),20,DN50,4,4.861409086446387e-07
Swagelok SS-42GSE (UHMWPE),20,DN50,5,6.076761358057985e-07
Swagelok SS-42GSE (UHMWPE),20,DN50,6,7.292113629669581e-07
Swagelok SS-42GSE (UHMWPE),20,DN50,7,8.507465901281173e-07
Swagelok SS-42GSE (UHMWPE),20,DN50,8,9.722818172892774e-07
Swagelok SS-42GSE (UHMWPE),20,DN50,9,1.0938170444504369e-06
Swagelok SS-42GSE (UHMWPE),20,DN50,10,1.215352271611597e-06
Swagelok SS-42GSE (UHMWPE),20,DN50,11,1.3368874987727562e-06
Swagelok SS-42GSE (UHMWPE),20,DN50,12,1.4584227259339161e-06
Swagelok SS-42GSE (UHMWPE),80,DN06,1,1.519190339514496e-08
Swagelok SS-42GSE (UHMWPE),80,DN06,2,3.038380679028992e-08
Swagelok SS-42GSE (UHMWPE),80,DN06,3,4.557571018543488e-08
Swagelok SS-42GSE (UHMWPE),80,DN06,4,6.076761358057984e-08
Swagelok SS-42GSE (UHMWPE),80,DN06,5,7.595951697572481e-08
Swagelok SS-42GSE (UHMWPE),80,DN06,6,9.115142037086976e-08
Swagelok SS-42GSE (UHMWPE),80,DN06,7,1.0634332376601466e-07
Swagelok SS-42GSE (UHMWPE),80,DN06,8,1.2153522716115968e-07
Swagelok SS-42GSE (UHMWPE),80,DN06,9,1.367271305563046e-07
Swagelok SS-42GSE (UHMWPE),80,DN06,10,1.5191903395144962e-07
Swagelok SS-42GSE (UHMWPE),80,DN06,11,1.6711093734659453e-07
Swagelok SS-42GSE (UHMWPE),80,DN06,12,1.8230284074173952e-07
Swagelok SS-42GSE (UHMWPE),80,DN12,1,1.89898792439312e-08
Swagelok SS-42GSE (UHMWPE),80,DN12,2,3.79797584878624e-08
Swagelok SS-42GSE (UHMWPE),80,DN12,3,5.696963773179359e-08
Swagelok SS-42GSE (UHMWPE),80,DN12,4,7.59595169757248e-08
Swagelok SS-42GSE (UHMWPE),80,DN12,5,9.4949396219656e-08
Swagelok SS-42GSE (UHMWPE),80,DN12,6,1.1393927546358718e-07
Swagelok SS-42GSE (UHMWPE),80,DN12,7,1.3292915470751832e-07
Swagelok SS-42GSE (UHMWPE),80,DN12,8,1.519190339514496e-07
Swagelok SS-42GSE (UHMWPE),80,DN12,9,1.7090891319538076e-07
Swagelok SS-42GSE (UHMWPE),80,DN12,10,1.89898792439312e-07
Swagelok SS-42GSE (UHMWPE),80,DN12,11,2.0888867168324315e-07
Swagelok SS-42GSE (UHMWPE),80,DN12,12,2.2787855092717437e-07
Swagelok SS-42GSE (UHMWPE),80,DN25,1,2.3737349054913998e-08
Swagelok SS-42GSE (UHMWPE),80,DN25,2,4.7474698109827996e-08
Swagelok SS-42GSE (UHMWPE),80,DN25,3,7.121204716474199e-08
Swagelok SS-42GSE (UHMWPE),80,DN25,4,9.494939621965599e-08
Swagelok SS-42GSE (UHMWPE),80,DN25,5,1.1868674527457e-07
Swagelok SS-42GSE (UHMWPE),80,DN25,6,1.4242409432948399e-07
Swagelok SS-42GSE (UHMWPE),80,DN25,7,1.661614433843979e-07
Swagelok SS-42GSE (UHMWPE),80,DN25,8,1.8989879243931198e-07
Swagelok SS-42GSE (UHMWPE),80,DN25,9,2.1363614149422597e-07
Swagelok SS-42GSE (UHMWPE),80,DN25,10,2.3737349054914e-07
Swagelok SS-42GSE (UHMWPE),80,DN25,11,2.6111083960405394e-07
Swagelok SS-42GSE (UHMWPE),80,DN25,12,2.8484818865896797e-07
Swagelok SS-42GSE (UHMWPE),80,DN50,1,3.038380679028992e-08
Swagelok SS-42GSE (UHMWPE),80,DN50,2,6.076761358057984e-08
Swagelok SS-42GSE (UHMWPE),80,DN50,3,9.115142037086976e-08
Swagelok SS-42GSE (UHMWPE),80,DN50,4,1.2153522716115968e-07
Swagelok SS-42GSE (UHMWPE),80,DN50,5,1.5191903395144962e-07
Swagelok SS-42GSE (UHMWPE),80,DN50,6,1.8230284074173952e-07
Swagelok SS-42GSE (UHMWPE),80,DN50,7,2.1268664753202933e-07
Swagelok SS-42GSE (UHMWPE),80,DN50,8,2.4307045432231935e-07
Swagelok SS-42GSE (UHMWPE),80,DN50,9,2.734542611126092e-07
Swagelok SS-42GSE (UHMWPE),80,DN50,10,3.0383806790289925e-07
Swagelok SS-42GSE (UHMWPE),80,DN50,11,3.3422187469318906e-07
Swagelok SS-42GSE (UHMWPE),80,DN50,12,3.6460568148347903e-07
Swagelok SS-42GSE (UHMWPE),300,DN06,1,4.051174238705322e-09
Swagelok SS-42GSE (UHMWPE),300,DN06,2,8.102348477410644e-09
Swagelok SS-42GSE (UHMWPE),300,DN06,3,1.2153522716115966e-08
Swagelok SS-42GSE (UHMWPE),300,DN06,4,1.620469695482129e-08
Swagelok SS-42GSE (UHMWPE),300,DN06,5,2.025587119352661e-08
Swagelok SS-42GSE (UHMWPE),300,DN06,6,2.430704543223193e-08
Swagelok SS-42GSE (UHMWPE),300,DN06,7,2.835821967093725e-08
Swagelok SS-42GSE (UHMWPE),300,DN06,8,3.240939390964258e-08
Swagelok SS-42GSE (UHMWPE),300,DN06,9,3.646056814834791e-08
Swagelok SS-42GSE (UHMWPE),300,DN06,10,4.051174238705322e-08
Swagelok SS-42GSE (UHMWPE),300,DN06,11,4.4562916625758547e-08
Swagelok SS-42GSE (UHMWPE),300,DN06,12,4.861409086446386e-08
Swagelok SS-42GSE (UHMWPE),300,DN12,1,5.063967798381652e-09
Swagelok SS-42GSE (UHMWPE),300,DN12,2,1.0127935596763304e-08
Swagelok SS-42GSE (UHMWPE),300,DN12,3,1.5191903395144956e-08
Swagelok SS-42GSE (UHMWPE),300,DN12,4,2.025587119352661e-08
Swagelok SS-42GSE (UHMWPE),300,DN12,5,2.531983899190826e-08
Swagelok SS-42GSE (UHMWPE),300,DN12,6,3.038380679028991e-08
Swagelok SS-42GSE (UHMWPE),300,DN12,7,3.544777458867156e-08
Swagelok SS-42GSE (UHMWPE),300,DN12,8,4.051174238705322e-08
Swagelok SS-42GSE (UHMWPE),300,DN12,9,4.557571018543488e-08
Swagelok SS-42GSE (UHMWPE),300,DN12,10,5.063967798381652e-08
Swagelok SS-42GSE (UHMWPE),300,DN12,11,5.5703645782198177e-08
Swagelok SS-42GSE (UHMWPE),300,DN12,12,6.076761358057983e-08
Swagelok SS-42GSE (UHMWPE),300,DN25,1,6.329959747977065e-09
Swagelok SS-42GSE (UHMWPE),300,DN25,2,1.265991949595413e-08
Swagelok SS-42GSE (UHMWPE),300,DN25,3,1.8989879243931196e-08
Swagelok SS-42GSE (UHMWPE),300,DN25,4,2.531983899190826e-08
Swagelok SS-42GSE (UHMWPE),300,DN25,5,3.164979873988533e-08
Swagelok SS-42GSE (UHMWPE),300,DN25,6,3.797975848786239e-08
Swagelok SS-42GSE (UHMWPE),300,DN25,7,4.430971823583945e-08
Swagelok SS-42GSE (UHMWPE),300,DN25,8,5.063967798381652e-08
Swagelok SS-42GSE (UHMWPE),300,DN25,9,5.69696377317936e-08
Swagelok SS-42GSE (UHMWPE),300,DN25,10,6.329959747977066e-08
Swagelok SS-42GSE (UHMWPE),300,DN25,11,6.962955722774772e-08
Swagelok SS-42GSE (UHMWPE),300,DN25,12,7.595951697572478e-08
Swagelok SS-42GSE (UHMWPE),300,DN50,1,8.102348477410644e-09
Swagelok SS-42GSE (UHMWPE),300,DN50,2,1.620469695482129e-08
Swagelok SS-42GSE (UHMWPE),300,DN50,3,2.430704543223193e-08
Swagelok SS-42GSE (UHMWPE),300,DN50,4,3.240939390964258e-08
Swagelok SS-42GSE (UHMWPE),300,DN50,5,4.051174238705322e-08
Swagelok SS-42GSE (UHMWPE),300,DN50,6,4.861409086446386e-08
Swagelok SS-42GSE (UHMWPE),300,DN50,7,5.67164393418745e-08
Swagelok SS-42GSE (UHMWPE),300,DN50,8,6.481878781928515e-08
Swagelok SS-42GSE (UHMWPE),300,DN50,9,7.292113629669581e-08
Swagelok SS-42GSE (UHMWPE),300,DN50,10,8.102348477410643e-08
Swagelok SS-42GSE (UHMWPE),300,DN50,11,8.912583325151709e-08
Swagelok SS-42GSE (UHMWPE),300,DN50,12,9.722818172892773e-08
