day,Q=1e-09,Q=1e-08,Q=1e-05,Q=1e-04
0,5000.0,5000.0,5000.0,5000.0
1,4999.999999992116,4999.999999921155,4999.999921154683,4999.999211546833
2,4999.999999984231,4999.999999842309,4999.999842309367,4999.998423093666
3,4999.999999976347,4999.999999763464,4999.9997634640495,4999.997634640498
4,4999.999999968461,4999.999999684619,4999.999684618733,4999.996846187331
5,4999.999999960577,4999.999999605773,4999.999605773416,4999.996057734164
6,4999.999999952693,4999.999999526928,4999.9995269281,4999.9952692809975
7,4999.999999944808,4999.999999448083,4999.999448082783,4999.994480827831
8,4999.999999936924,4999.999999369237,4999.999369237466,4999.993692374663
9,4999.999999929039,4999.999999290392,4999.999290392149,4999.992903921496
10,4999.999999921155,4999.999999211547,4999.999211546833,4999.992115468329
11,4999.999999913271,4999.999999132701,4999.999132701516,4999.991327015162
12,4999.999999905385,4999.999999053856,4999.9990538562,4999.990538561994
13,4999.999999897501,4999.999998975011,4999.9989750108825,4999.989750108827
14,4999.999999889616,4999.999998896165,4999.998896165566,4999.98896165566
15,4999.999999881732,4999.99999881732,4999.998817320249,4999.988173202493
16,4999.999999873848,4999.999998738475,4999.998738474933,4999.987384749326
17,4999.999999865963,4999.9999986596295,4999.998659629616,4999.9865962961585
18,4999.999999858079,4999.999998580784,4999.9985807842995,4999.985807842992
19,4999.9999998501935,4999.9999985019385,4999.998501938982,4999.985019389825
20,4999.999999842309,4999.9999984230935,4999.998423093666,4999.984230936658
21,4999.999999834425,4999.9999983442485,4999.998344248349,4999.983442483491
22,4999.99999982654,4999.999998265403,4999.998265403033,4999.982654030323
23,4999.999999818656,4999.999998186558,4999.998186557716,4999.981865577156
24,4999.999999810771,4999.999998107713,4999.998107712398,4999.981077123989
25,4999.999999802887,4999.999998028867,4999.998028867082,4999.980288670822
26,4999.999999795003,4999.999997950022,4999.997950021765,4999.979500217655
27,4999.999999787117,4999.999997871177,4999.997871176449,4999.978711764487
28,4999.999999779233,4999.999997792331,4999.997792331132,4999.97792331132
29,4999.9999997713485,4999.999997713486,4999.997713485815,4999.9771348581535
30,4999.999999763464,4999.999997634641,4999.997634640498,4999.9763464049865
31,4999.99999975558,4999.999997555795,4999.997555795182,4999.975557951819
32,4999.999999747695,4999.99999747695,4999.997476949865,4999.974769498652
33,4999.999999739811,4999.999997398105,4999.997398104549,4999.973981045485
34,4999.9999997319255,4999.999997319259,4999.9973192592315,4999.973192592318
35,4999.999999724041,4999.999997240414,4999.997240413915,4999.972404139151
36,4999.999999716157,4999.999997161569,4999.997161568598,4999.971615685983
37,4999.999999708272,4999.999997082723,4999.997082723282,4999.970827232816
38,4999.999999700388,4999.999997003878,4999.997003877965,4999.970038779649
39,4999.9999996925035,4999.999996925033,4999.9969250326485,4999.969250326482
40,4999.999999684619,4999.999996846187,4999.996846187331,4999.968461873315
41,4999.999999676734,4999.999996767342,4999.996767342015,4999.967673420148
42,4999.999999668849,4999.999996688497,4999.996688496698,4999.966884966981
43,4999.999999660965,4999.999996609651,4999.996609651382,4999.966096513814
44,4999.9999996530805,4999.999996530806,4999.996530806065,4999.965308060647
45,4999.999999645196,4999.999996451961,4999.996451960748,4999.964519607479
46,4999.999999637312,4999.999996373115,4999.996373115431,4999.963731154312
47,4999.999999629427,4999.99999629427,4999.996294270115,4999.962942701145
48,4999.999999621543,4999.999996215425,4999.996215424798,4999.962154247978
49,4999.999999613658,4999.999996136579,4999.996136579481,4999.961365794811
50,4999.999999605773,4999.999996057734,4999.996057734164,4999.960577341643
51,4999.999999597889,4999.999995978889,4999.995978888847,4999.959788888476
52,4999.999999590004,4999.999995900043,4999.995900043531,4999.9590004353095
53,4999.99999958212,4999.999995821198,4999.995821198214,4999.9582119821425
54,4999.9999995742355,4999.999995742353,4999.995742352898,4999.957423528976
55,4999.999999566351,4999.999995663507,4999.9956635075805,4999.956635075808
56,4999.999999558466,4999.999995584662,4999.995584662264,4999.955846622641
57,4999.999999550581,4999.9999955058165,4999.995505816947,4999.955058169474
58,4999.999999542697,4999.9999954269715,4999.995426971631,4999.954269716307
59,4999.999999534813,4999.9999953481265,4999.995348126314,4999.95348126314
60,4999.999999526928,4999.999995269281,4999.9952692809975,4999.952692809972
61,4999.999999519044,4999.999995190436,4999.99519043568,4999.951904356805
62,4999.999999511159,4999.999995111591,4999.995111590364,4999.951115903638
63,4999.999999503275,4999.999995032745,4999.995032745047,4999.950327450471
64,4999.99999949539,4999.9999949539,4999.994953899731,4999.9495389973035
65,4999.999999487505,4999.999994875055,4999.994875054414,4999.948750544137
66,4999.999999479621,4999.999994796209,4999.994796209097,4999.94796209097
67,4999.999999471736,4999.999994717364,4999.99471736378,4999.947173637803
68,4999.999999463852,4999.999994638519,4999.994638518464,4999.946385184636
69,4999.999999455968,4999.999994559673,4999.994559673147,4999.945596731468
70,4999.999999448083,4999.999994480828,4999.994480827831,4999.944808278301
71,4999.999999440198,4999.999994401983,4999.994401982513,4999.944019825134
72,4999.999999432313,4999.999994323137,4999.994323137196,4999.943231371967
73,4999.999999424429,4999.999994244292,4999.99424429188,4999.9424429188
74,4999.999999416545,4999.999994165447,4999.994165446563,4999.941654465632
75,4999.99999940866,4999.999994086601,4999.994086601247,4999.940866012465
76,4999.999999400776,4999.999994007756,4999.9940077559295,4999.9400775592985
77,4999.999999392891,4999.999993928911,4999.993928910613,4999.939289106132
78,4999.999999385007,4999.999993850065,4999.993850065296,4999.938500652965
79,4999.999999377122,4999.99999377122,4999.99377121998,4999.937712199797
80,4999.999999369237,4999.999993692375,4999.993692374663,4999.93692374663
81,4999.999999361353,4999.999993613529,4999.9936135293465,4999.936135293463
82,4999.999999353468,4999.999993534684,4999.993534684029,4999.935346840296
83,4999.999999345584,4999.999993455839,4999.993455838713,4999.934558387128
84,4999.9999993377,4999.999993376993,4999.993376993396,4999.933769933961
85,4999.999999329815,4999.999993298148,4999.99329814808,4999.932981480794
86,4999.99999932193,4999.999993219303,4999.993219302763,4999.932193027627
87,4999.999999314045,4999.999993140457,4999.993140457446,4999.93140457446
88,4999.999999306161,4999.999993061612,4999.993061612129,4999.930616121293
89,4999.999999298277,4999.999992982767,4999.992982766813,4999.929827668126
90,4999.999999290392,4999.999992903921,4999.992903921496,4999.929039214959
91,4999.999999282508,4999.999992825076,4999.9928250761795,4999.928250761792
92,4999.999999274623,4999.99999274623,4999.992746230862,4999.927462308625
93,4999.999999266739,4999.999992667385,4999.992667385546,4999.926673855457
94,4999.999999258854,4999.99999258854,4999.992588540229,4999.92588540229
95,4999.999999250969,4999.9999925096945,4999.992509694912,4999.925096949123
96,4999.999999243085,4999.9999924308495,4999.992430849596,4999.924308495956
97,4999.9999992352,4999.9999923520045,4999.9923520042785,4999.923520042789
98,4999.999999227316,4999.999992273159,4999.992273158962,4999.922731589621
99,4999.999999219432,4999.999992194314,4999.992194313645,4999.9219431364545
100,4999.999999211547,4999.999992115469,4999.992115468329,4999.921154683288
101,4999.999999203662,4999.999992036623,4999.992036623012,4999.920366230121
102,4999.9999991957775,4999.999991957778,4999.9919577776955,4999.919577776953
103,4999.999999187893,4999.999991878933,4999.991878932378,4999.918789323786
104,4999.999999180009,4999.999991800087,4999.991800087062,4999.918000870619
105,4999.999999172124,4999.999991721242,4999.991721241745,4999.917212417452
106,4999.99999916424,4999.999991642397,4999.991642396429,4999.916423964285
107,4999.999999156355,4999.999991563551,4999.9915635511115,4999.915635511117
108,4999.999999148471,4999.999991484706,4999.991484705795,4999.91484705795
109,4999.999999140586,4999.999991405861,4999.991405860478,4999.914058604783
110,4999.999999132701,4999.999991327015,4999.991327015162,4999.913270151616
111,4999.999999124817,4999.99999124817,4999.991248169845,4999.9124816984495
112,4999.9999991169325,4999.999991169325,4999.9911693245285,4999.911693245282
113,4999.999999109048,4999.999991090479,4999.991090479211,4999.910904792115
114,4999.999999101164,4999.999991011634,4999.991011633895,4999.910116338948
115,4999.999999093279,4999.999990932789,4999.990932788578,4999.909327885781
116,4999.999999085394,4999.999990853943,4999.990853943262,4999.908539432613
117,4999.9999990775095,4999.999990775098,4999.990775097945,4999.907750979446
118,4999.999999069625,4999.999990696253,4999.990696252628,4999.906962526279
119,4999.999999061741,4999.999990617407,4999.990617407311,4999.906174073112
120,4999.999999053856,4999.999990538562,4999.990538561994,4999.905385619945
121,4999.999999045972,4999.999990459717,4999.990459716678,4999.904597166777
122,4999.9999990380875,4999.999990380871,4999.990380871361,4999.9038087136105
123,4999.999999030202,4999.999990302026,4999.990302026044,4999.903020260444
124,4999.999999022318,4999.999990223181,4999.990223180727,4999.902231807277
125,4999.999999014433,4999.999990144335,4999.990144335411,4999.90144335411
126,4999.999999006549,4999.99999006549,4999.990065490094,4999.900654900942
127,4999.9999989986645,4999.999989986644,4999.989986644778,4999.899866447775
128,4999.99999899078,4999.999989907799,4999.9899077994605,4999.899077994608
129,4999.999998982896,4999.999989828954,4999.989828954144,4999.898289541441
130,4999.999998975011,4999.999989750108,4999.989750108827,4999.897501088274
131,4999.999998967126,4999.999989671263,4999.989671263511,4999.896712635106
132,4999.999998959242,4999.999989592418,4999.989592418194,4999.895924181939
133,4999.999998951357,4999.9999895135725,4999.9895135728775,4999.895135728772
134,4999.999998943473,4999.9999894347275,4999.98943472756,4999.8943472756055
135,4999.999998935588,4999.9999893558825,4999.989355882244,4999.893558822438
136,4999.999998927704,4999.999989277037,4999.989277036927,4999.892770369271
137,4999.9999989198195,4999.9999891981915,4999.989198191611,4999.891981916104
138,4999.999998911934,4999.9999891193465,4999.989119346294,4999.891193462937
139,4999.99999890405,4999.999989040501,4999.989040500977,4999.89040500977
140,4999.999998896165,4999.999988961656,4999.98896165566,4999.889616556602
141,4999.999998888281,4999.999988882811,4999.988882810344,4999.888828103435
142,4999.999998880397,4999.999988803965,4999.988803965027,4999.888039650268
143,4999.999998872512,4999.99998872512,4999.98872511971,4999.887251197101
144,4999.999998864628,4999.999988646275,4999.988646274393,4999.886462743934
145,4999.999998856743,4999.999988567429,4999.988567429076,4999.8856742907665
146,4999.999998848858,4999.999988488584,4999.98848858376,4999.8848858375995
147,4999.999998840974,4999.999988409739,4999.988409738443,4999.884097384433
148,4999.999998833089,4999.999988330893,4999.988330893127,4999.883308931266
149,4999.999998825205,4999.999988252048,4999.9882520478095,4999.882520478099
150,4999.99999881732,4999.999988173203,4999.988173202493,4999.881732024931
151,4999.999998809436,4999.999988094357,4999.988094357176,4999.880943571764
152,4999.999998801552,4999.999988015512,4999.98801551186,4999.880155118597
153,4999.999998793666,4999.999987936667,4999.987936666543,4999.87936666543
154,4999.999998785782,4999.999987857821,4999.9878578212265,4999.878578212262
155,4999.999998777897,4999.999987778976,4999.987778975909,4999.877789759095
156,4999.999998770013,4999.999987700131,4999.987700130593,4999.877001305928
157,4999.999998762129,4999.999987621285,4999.987621285276,4999.8762128527615
158,4999.999998754244,4999.99998754244,4999.98754243996,4999.8754243995945
159,4999.99999874636,4999.999987463595,4999.987463594643,4999.874635946427
160,4999.999998738475,4999.999987384749,4999.987384749326,4999.87384749326
161,4999.99999873059,4999.999987305904,4999.987305904009,4999.873059040093
162,4999.999998722706,4999.999987227059,4999.987227058693,4999.872270586926
163,4999.999998714821,4999.999987148213,4999.987148213376,4999.871482133759
164,4999.999998706937,4999.999987069368,4999.98706936806,4999.870693680591
165,4999.999998699052,4999.999986990522,4999.986990522742,4999.869905227424
166,4999.999998691168,4999.999986911677,4999.986911677425,4999.869116774257
167,4999.999998683284,4999.999986832832,4999.986832832109,4999.86832832109
168,4999.999998675398,4999.999986753986,4999.986753986792,4999.867539867923
169,4999.999998667514,4999.999986675141,4999.986675141476,4999.8667514147555
170,4999.9999986596295,4999.999986596296,4999.9865962961585,4999.865962961589
171,4999.999998651745,4999.99998651745,4999.986517450842,4999.865174508422
172,4999.999998643861,4999.999986438605,4999.986438605525,4999.864386055255
173,4999.999998635976,4999.99998635976,4999.986359760209,4999.863597602087
174,4999.999998628092,4999.9999862809145,4999.986280914892,4999.86280914892
175,4999.999998620207,4999.9999862020695,4999.9862020695755,4999.862020695753
176,4999.999998612322,4999.9999861232245,4999.986123224258,4999.861232242586
177,4999.999998604438,4999.999986044379,4999.986044378942,4999.860443789419
178,4999.999998596553,4999.999985965534,4999.985965533625,4999.859655336251
179,4999.999998588669,4999.999985886689,4999.985886688309,4999.858866883084
180,4999.999998580784,4999.999985807843,4999.985807842992,4999.858078429917
181,4999.9999985729,4999.999985728998,4999.985728997675,4999.8572899767505
182,4999.999998565016,4999.999985650153,4999.985650152358,4999.856501523584
183,4999.99999855713,4999.999985571307,4999.985571307042,4999.855713070416
184,4999.999998549246,4999.999985492462,4999.985492461725,4999.854924617249
185,4999.9999985413615,4999.999985413617,4999.985413616409,4999.854136164082
186,4999.999998533477,4999.999985334771,4999.985334771091,4999.853347710915
187,4999.999998525593,4999.999985255926,4999.985255925775,4999.852559257747
188,4999.999998517708,4999.999985177081,4999.985177080458,4999.85177080458
189,4999.999998509824,4999.999985098235,4999.985098235142,4999.850982351413
190,4999.9999985019385,4999.99998501939,4999.985019389825,4999.850193898246
191,4999.999998494054,4999.999984940545,4999.9849405445075,4999.849405445079
192,4999.99999848617,4999.999984861699,4999.984861699191,4999.8486169919115
193,4999.999998478285,4999.999984782854,4999.984782853874,4999.847828538745
194,4999.999998470401,4999.999984704009,4999.984704008558,4999.847040085578
195,4999.9999984625165,4999.999984625163,4999.984625163241,4999.846251632411
196,4999.999998454632,4999.999984546318,4999.9845463179245,4999.845463179244
197,4999.999998446748,4999.999984467473,4999.984467472607,4999.844674726076
198,4999.999998438862,4999.999984388627,4999.984388627291,4999.843886272909
199,4999.999998430978,4999.999984309782,4999.984309781974,4999.843097819742
200,4999.9999984230935,4999.999984230936,4999.984230936658,4999.842309366575
201,4999.999998415209,4999.999984152091,4999.984152091341,4999.841520913408
202,4999.999998407325,4999.999984073246,4999.984073246024,4999.84073246024
203,4999.99999839944,4999.9999839944,4999.983994400707,4999.839944007073
204,4999.999998391556,4999.999983915555,4999.983915555391,4999.8391555539065
205,4999.999998383671,4999.99998383671,4999.983836710074,4999.83836710074
206,4999.999998375786,4999.999983757864,4999.9837578647575,4999.837578647572
207,4999.999998367902,4999.999983679019,4999.98367901944,4999.836790194405
208,4999.999998360017,4999.999983600174,4999.983600174124,4999.836001741238
209,4999.999998352133,4999.999983521328,4999.983521328807,4999.835213288071
210,4999.9999983442485,4999.999983442483,4999.983442483491,4999.834424834904
211,4999.999998336364,4999.999983363638,4999.983363638174,4999.833636381736
212,4999.99999832848,4999.9999832847925,4999.983284792857,4999.832847928569
213,4999.999998320594,4999.9999832059475,4999.98320594754,4999.832059475402
214,4999.99999831271,4999.9999831271025,4999.983127102223,4999.831271022235
215,4999.999998304826,4999.999983048257,4999.983048256907,4999.830482569068
216,4999.999998296941,4999.999982969412,4999.98296941159,4999.829694115901
217,4999.999998289057,4999.999982890567,4999.982890566273,4999.828905662734
218,4999.999998281172,4999.999982811721,4999.982811720956,4999.828117209567
219,4999.999998273288,4999.999982732876,4999.98273287564,4999.8273287564
220,4999.999998265403,4999.999982654031,4999.982654030323,4999.826540303233
221,4999.999998257518,4999.999982575185,4999.982575185007,4999.825751850065
222,4999.999998249634,4999.99998249634,4999.9824963396895,4999.824963396898
223,4999.999998241749,4999.999982417495,4999.982417494373,4999.824174943731
224,4999.999998233865,4999.999982338649,4999.982338649056,4999.823386490564
225,4999.999998225981,4999.999982259804,4999.98225980374,4999.822598037396
226,4999.999998218096,4999.999982180959,4999.982180958423,4999.821809584229
227,4999.999998210212,4999.999982102113,4999.9821021131065,4999.8210211310625
228,4999.999998202326,4999.999982023268,4999.982023267789,4999.820232677896
229,4999.999998194442,4999.999981944423,4999.981944422473,4999.819444224729
230,4999.999998186558,4999.999981865577,4999.981865577156,4999.818655771561
231,4999.999998178673,4999.999981786732,4999.98178673184,4999.817867318394
232,4999.999998170789,4999.999981707887,4999.981707886523,4999.817078865227
233,4999.999998162904,4999.999981629041,4999.981629041206,4999.81629041206
234,4999.99999815502,4999.999981550196,4999.981550195889,4999.815501958893
235,4999.999998147135,4999.999981471351,4999.981471350573,4999.814713505725
236,4999.99999813925,4999.999981392505,4999.981392505256,4999.813925052558
237,4999.999998131366,4999.99998131366,4999.981313659939,4999.813136599391
238,4999.999998123481,4999.999981234814,4999.981234814622,4999.812348146224
239,4999.999998115597,4999.999981155969,4999.981155969305,4999.8115596930575
240,4999.999998107713,4999.999981077124,4999.981077123989,4999.81077123989
241,4999.999998099828,4999.999980998278,4999.980998278672,4999.809982786723
242,4999.999998091944,4999.999980919433,4999.980919433356,4999.809194333556
243,4999.9999980840585,4999.999980840588,4999.9808405880385,4999.808405880389
244,4999.999998076174,4999.999980761742,4999.980761742722,4999.807617427221
245,4999.99999806829,4999.999980682897,4999.980682897405,4999.806828974054
246,4999.999998060405,4999.999980604052,4999.980604052089,4999.806040520887
247,4999.999998052521,4999.999980525206,4999.980525206772,4999.80525206772
248,4999.999998044636,4999.999980446361,4999.9804463614555,4999.804463614553
249,4999.999998036752,4999.999980367516,4999.980367516138,4999.803675161385
250,4999.999998028867,4999.9999802886705,4999.980288670822,4999.8028867082185
251,4999.999998020982,4999.9999802098255,4999.980209825505,4999.8020982550515
252,4999.999998013098,4999.9999801309805,4999.980130980189,4999.801309801885
253,4999.9999980052135,4999.999980052135,4999.980052134872,4999.800521348718
254,4999.999997997329,4999.99997997329,4999.979973289555,4999.79973289555
255,4999.999997989445,4999.999979894445,4999.979894444238,4999.798944442383
256,4999.99999798156,4999.999979815599,4999.979815598922,4999.798155989216
257,4999.999997973675,4999.999979736754,4999.979736753605,4999.797367536049
258,4999.9999979657905,4999.999979657909,4999.979657908289,4999.796579082881
259,4999.999997957906,4999.999979579063,4999.979579062971,4999.795790629714
260,4999.999997950022,4999.999979500218,4999.979500217655,4999.795002176547
261,4999.999997942137,4999.999979421373,4999.979421372338,4999.79421372338
262,4999.999997934253,4999.999979342527,4999.979342527021,4999.793425270213
263,4999.999997926368,4999.999979263682,4999.979263681705,4999.792636817046
264,4999.999997918484,4999.999979184837,4999.9791848363875,4999.791848363879
265,4999.999997910599,4999.999979105991,4999.979105991071,4999.791059910712
266,4999.999997902714,4999.999979027146,4999.979027145754,4999.790271457545
267,4999.99999789483,4999.999978948301,4999.978948300438,4999.789483004378
268,4999.9999978869455,4999.999978869455,4999.978869455121,4999.78869455121
269,4999.999997879061,4999.99997879061,4999.9787906098045,4999.787906098043
270,4999.999997871177,4999.999978711765,4999.978711764487,4999.787117644876
271,4999.999997863292,4999.999978632919,4999.978632919171,4999.786329191709
272,4999.999997855407,4999.999978554074,4999.978554073854,4999.785540738542
273,4999.9999978475225,4999.999978475228,4999.978475228538,4999.784752285374
274,4999.999997839638,4999.999978396383,4999.978396383221,4999.7839638322075
275,4999.999997831754,4999.999978317538,4999.978317537904,4999.783175379041
276,4999.999997823869,4999.999978238692,4999.978238692587,4999.782386925874
277,4999.999997815985,4999.999978159847,4999.978159847271,4999.781598472706
278,4999.9999978081005,4999.999978081002,4999.978081001954,4999.780810019539
279,4999.999997800216,4999.999978002156,4999.978002156638,4999.780021566372
280,4999.999997792331,4999.999977923311,4999.97792331132,4999.779233113205
281,4999.999997784446,4999.999977844466,4999.977844466004,4999.778444660038
282,4999.999997776562,4999.99997776562,4999.977765620687,4999.77765620687
283,4999.9999977686775,4999.999977686775,4999.977686775371,4999.776867753703
284,4999.999997760793,4999.99997760793,4999.977607930054,4999.776079300536
285,4999.999997752909,4999.999977529084,4999.9775290847365,4999.775290847369
286,4999.999997745024,4999.999977450239,4999.97745023942,4999.7745023942025
287,4999.999997737139,4999.999977371394,4999.977371394103,4999.773713941035
288,4999.999997729255,4999.9999772925485,4999.977292548787,4999.772925487868
289,4999.99999772137,4999.9999772137035,4999.97721370347,4999.772137034701
290,4999.999997713486,4999.999977134858,4999.9771348581535,4999.771348581534
291,4999.999997705601,4999.9999770560125,4999.977056012836,4999.770560128367
292,4999.999997697717,4999.9999769771675,4999.97697716752,4999.769771675199
293,4999.9999976898325,4999.9999768983225,4999.976898322203,4999.768983222032
294,4999.999997681948,4999.999976819477,4999.976819476887,4999.768194768865
295,4999.999997674063,4999.999976740632,4999.97674063157,4999.767406315698
296,4999.999997666178,4999.999976661787,4999.976661786253,4999.76661786253
297,4999.999997658294,4999.999976582941,4999.976582940936,4999.7658294093635
298,4999.99999765041,4999.999976504096,4999.97650409562,4999.765040956197
299,4999.999997642525,4999.999976425251,4999.976425250303,4999.76425250303
300,4999.999997634641,4999.999976346405,4999.9763464049865,4999.763464049863
301,4999.999997626756,4999.99997626756,4999.976267559669,4999.762675596695
302,4999.999997618871,4999.999976188715,4999.976188714353,4999.761887143528
303,4999.999997610987,4999.999976109869,4999.976109869036,4999.761098690361
304,4999.999997603102,4999.999976031024,4999.97603102372,4999.760310237194
305,4999.999997595218,4999.999975952179,4999.975952178403,4999.759521784027
306,4999.999997587333,4999.999975873333,4999.975873333086,4999.758733330859
307,4999.999997579449,4999.999975794488,4999.975794487769,4999.757944877692
308,4999.999997571565,4999.999975715643,4999.975715642452,4999.757156424525
309,4999.99999756368,4999.999975636797,4999.975636797136,4999.7563679713585
310,4999.999997555795,4999.999975557952,4999.975557951819,4999.755579518192
311,4999.99999754791,4999.999975479106,4999.9754791065025,4999.754791065024
312,4999.999997540026,4999.999975400261,4999.975400261185,4999.754002611857
313,4999.999997532142,4999.999975321416,4999.975321415869,4999.75321415869
314,4999.999997524257,4999.99997524257,4999.975242570552,4999.752425705523
315,4999.999997516373,4999.999975163725,4999.975163725236,4999.751637252355
316,4999.999997508488,4999.99997508488,4999.9750848799185,4999.750848799188
317,4999.999997500603,4999.999975006034,4999.975006034602,4999.750060346021
318,4999.999997492719,4999.999974927189,4999.974927189285,4999.749271892854
319,4999.999997484834,4999.999974848344,4999.974848343969,4999.748483439687
320,4999.99999747695,4999.999974769498,4999.974769498652,4999.7476949865195
321,4999.999997469065,4999.999974690653,4999.9746906533355,4999.746906533353
322,4999.999997461181,4999.999974611808,4999.974611808018,4999.746118080186
323,4999.999997453297,4999.999974532962,4999.974532962702,4999.745329627019
324,4999.999997445412,4999.999974454117,4999.974454117385,4999.744541173852
325,4999.999997437527,4999.999974375272,4999.974375272069,4999.743752720684
326,4999.9999974296425,4999.999974296426,4999.974296426752,4999.742964267517
327,4999.999997421758,4999.999974217581,4999.974217581435,4999.74217581435
328,4999.999997413874,4999.999974138736,4999.974138736118,4999.741387361183
329,4999.999997405989,4999.9999740598905,4999.974059890802,4999.740598908015
330,4999.999997398105,4999.9999739810455,4999.973981045485,4999.739810454848
331,4999.99999739022,4999.9999739022005,4999.973902200169,4999.739022001681
332,4999.999997382335,4999.999973823355,4999.973823354851,4999.7382335485145
333,4999.999997374451,4999.99997374451,4999.973744509534,4999.7374450953475
334,4999.999997366566,4999.999973665665,4999.973665664218,4999.73665664218
335,4999.999997358682,4999.999973586819,4999.973586818901,4999.735868189013
336,4999.9999973507975,4999.999973507974,4999.973507973585,4999.735079735846
337,4999.999997342913,4999.999973429129,4999.9734291282675,4999.734291282679
338,4999.999997335029,4999.999973350283,4999.973350282951,4999.733502829512
339,4999.999997327143,4999.999973271438,4999.973271437634,4999.732714376344
340,4999.999997319259,4999.999973192593,4999.973192592318,4999.731925923177
341,4999.9999973113745,4999.999973113747,4999.973113747001,4999.73113747001
342,4999.99999730349,4999.999973034902,4999.9730349016845,4999.730349016843
343,4999.999997295606,4999.999972956057,4999.972956056367,4999.729560563676
344,4999.999997287721,4999.999972877211,4999.972877211051,4999.7287721105085
345,4999.999997279837,4999.999972798366,4999.972798365734,4999.727983657342
346,4999.999997271952,4999.99997271952,4999.972719520418,4999.727195204175
347,4999.999997264067,4999.999972640675,4999.972640675101,4999.726406751008
348,4999.999997256183,4999.99997256183,4999.972561829784,4999.72561829784
349,4999.999997248298,4999.999972482984,4999.972482984467,4999.724829844673
350,4999.999997240414,4999.999972404139,4999.972404139151,4999.724041391506
351,4999.9999972325295,4999.999972325294,4999.972325293834,4999.723252938339
352,4999.999997224645,4999.999972246448,4999.972246448518,4999.722464485172
353,4999.999997216761,4999.999972167603,4999.9721676032,4999.721676032004
354,4999.999997208875,4999.999972088758,4999.972088757884,4999.720887578837
355,4999.999997200991,4999.999972009912,4999.972009912567,4999.7200991256705
356,4999.9999971931065,4999.999971931067,4999.97193106725,4999.7193106725035
357,4999.999997185222,4999.999971852222,4999.971852221934,4999.718522219337
358,4999.999997177338,4999.999971773376,4999.9717733766165,4999.717733766169
359,4999.999997169453,4999.999971694531,4999.9716945313,4999.716945313002
360,4999.999997161569,4999.999971615686,4999.971615685983,4999.716156859835
361,4999.9999971536845,4999.99997153684,4999.971536840667,4999.715368406668
362,4999.999997145799,4999.999971457995,4999.97145799535,4999.714579953501
363,4999.999997137915,4999.99997137915,4999.9713791500335,4999.713791500333
364,4999.99999713003,4999.999971300304,4999.971300304716,4999.713003047166
365,4999.999997122146,4999.999971221459,4999.9712214594,4999.712214593999
