rtm_id,requirement,standard,section,test_method,acceptance,deliverable,phase
RTM-047,Max leak rate to ambient/INVAC: 1×10⁻⁹ mbar·l/s,EN 13185:2001,6.2,Helium mass spectrometer (vacuum method),<1×10⁻⁹ mbar·l/s per valve,Individual valve leak test certificate,FAT
RTM-048,Max 1 Nm³/day system helium loss; system leak rate <1×10⁻⁵ mbar·l/s,EN 13185:2001,6.2 + 6.3,He mass spectrometer + pressure hold test,<1×10⁻⁵ mbar·l/s total system,System leak test report,FAT/SAT
RTM-050,"Valve leak rates per Table 6 (seat: 1×10⁻⁴, ambient: 1×10⁻⁹)",ISO 5208 + EN 13185,ISO 5208 §6.3.2 + EN 13185 §6.2,Gas seat test (ISO 5208) + He MSLD (EN 13185),Seat: <1×10⁻⁴ mbar·l/s; Ambient: <1×10⁻⁹ mbar·l/s,Individual valve certificates (seat + shell),FAT
RTM-053,Functional test under simulated LOOP conditions,EN 13185:2001,6.2 (sniffing method),Pressure hold + He sniffing under thermal cycling,System functional per specification,SAT report with thermal cycle data,SAT
RTM-060,Manholes/inspection ports for internal examination,PED 2014/68/EU,"Annex I, ESR 2.2.3",Design review + dimensional inspection,Adequate access for internal examination per ESR,"GA drawings showing manhole locations, dimensional report",Design
RTM-061,Surface treatment — passivation per ASTM A967,ASTM A967,6.2 (citric acid) + 7.4 (ferroxyl test),Ferroxyl test (free iron detection),No blue staining within 15 seconds,"Passivation certificate, ferroxyl test photos, material cert",Manufacture
RTM-062,Piping design for cryogenic helium service,ASME B31.3 + EN 13480,B31.3 §302.2.2 + EN 13480 Part 3 §6.1,Design calculation review,Wall thickness ≥ calculated minimum + allowances,Pipe design calculation package,Design
RTM-063,Storage vessels interconnected — pressure design,ASME B31.3 + PED 2014/68/EU,B31.3 §300 + PED Article 4,Hydrostatic test at 1.5× design pressure,"No leakage, no permanent deformation at test pressure","Hydrostatic test report, PED classification",FAT
RTM-065,Measuring points per Table 10 — sensor specifications,IEC 61326 (EMC) + ISO 15649,Sensor accuracy and EMC compliance,Sensor calibration and EMC type test,"±0.5% accuracy, EMC compliant","Calibration certificates, EMC type test reports",SAT
