leak_rate_mbar_l_s,temperature_K,pressure_bar_abs,mass_flow_g_s,mass_flow_g_day,mass_flow_g_year,density_kg_m3,velocity_m_s,speed_of_sound_m_s,mach_est,critical_pressure_ratio,actual_pressure_ratio,is_choked
1e-09,4,1,1.203505922118995e-11,1.0398291167108116e-06,0.00037979758487862396,12.035059221189945,5.092958178940653e-07,117.44375494779472,4.3365082981249534e-09,0.48808375993399744,1.0,0.0
1e-09,4,5,6.017529610594974e-11,5.1991455835540576e-06,0.0018989879243931195,60.17529610594973,5.092958178940652e-07,117.44375494779472,4.336508298124953e-09,0.48808375993399744,0.2,1.0
1e-09,4,12,1.444207106542794e-10,1.2477949400529741e-05,0.004557571018543488,144.42071065427936,5.092958178940652e-07,117.44375494779472,4.336508298124953e-09,0.48808375993399744,0.08333333333333333,1.0
1e-09,10,1,4.81402368847598e-12,4.159316466843247e-07,0.0001519190339514496,4.814023688475978,5.092958178940653e-07,185.6948812988504,2.7426486628590675e-09,0.48808375993399744,1.0,0.0
1e-09,10,5,2.4070118442379902e-11,2.0796582334216235e-06,0.000759595169757248,24.07011844237989,5.092958178940653e-07,185.6948812988504,2.7426486628590675e-09,0.48808375993399744,0.2,1.0
1e-09,10,12,5.7768284261711754e-11,4.9911797602118955e-06,0.001823028407417395,57.76828426171174,5.092958178940652e-07,185.6948812988504,2.742648662859067e-09,0.48808375993399744,0.08333333333333333,1.0
1e-09,20,1,2.40701184423799e-12,2.0796582334216234e-07,7.59595169757248e-05,2.407011844237989,5.092958178940653e-07,262.6122195960963,1.9393454679198635e-09,0.48808375993399744,1.0,0.0
1e-09,20,5,1.2035059221189951e-11,1.0398291167108118e-06,0.000379797584878624,12.035059221189945,5.092958178940653e-07,262.6122195960963,1.9393454679198635e-09,0.48808375993399744,0.2,1.0
1e-09,20,12,2.8884142130855877e-11,2.4955898801059477e-06,0.0009115142037086975,28.88414213085587,5.092958178940652e-07,262.6122195960963,1.939345467919863e-09,0.48808375993399744,0.08333333333333333,1.0
1e-09,50,1,9.628047376951958e-13,8.318632933686493e-08,3.0383806790289914e-05,0.9628047376951957,5.092958178940652e-07,415.22637765798396,1.2265497697103551e-09,0.48808375993399744,1.0,0.0
1e-09,50,5,4.814023688475981e-12,4.1593164668432473e-07,0.00015191903395144962,4.814023688475978,5.092958178940654e-07,415.22637765798396,1.2265497697103558e-09,0.48808375993399744,0.2,1.0
1e-09,50,12,1.1553656852342352e-11,9.982359520423792e-07,0.000364605681483479,11.553656852342348,5.092958178940653e-07,415.22637765798396,1.2265497697103553e-09,0.48808375993399744,0.08333333333333333,1.0
1e-09,80,1,6.017529610594975e-13,5.1991455835540584e-08,1.89898792439312e-05,0.6017529610594973,5.092958178940653e-07,525.2244391921926,9.696727339599317e-10,0.48808375993399744,1.0,0.0
1e-09,80,5,3.0087648052974877e-12,2.5995727917770294e-07,9.4949396219656e-05,3.0087648052974862,5.092958178940653e-07,525.2244391921926,9.696727339599317e-10,0.48808375993399744,0.2,1.0
1e-09,80,12,7.221035532713969e-12,6.238974700264869e-07,0.00022787855092717437,7.221035532713968,5.092958178940652e-07,525.2244391921926,9.696727339599315e-10,0.48808375993399744,0.08333333333333333,1.0
1e-09,300,1,1.6046745628253264e-13,1.386438822281082e-08,5.063967798381652e-06,0.1604674562825326,5.092958178940653e-07,1017.0927530062459,5.007368466530975e-10,0.48808375993399744,1.0,0.0
1e-09,300,5,8.023372814126632e-13,6.93219411140541e-08,2.531983899190826e-05,0.8023372814126629,5.092958178940653e-07,1017.0927530062459,5.007368466530975e-10,0.48808375993399744,0.2,1.0
1e-09,300,12,1.9256094753903917e-12,1.6637265867372985e-07,6.076761358057983e-05,1.9256094753903912,5.092958178940652e-07,1017.0927530062459,5.007368466530974e-10,0.48808375993399744,0.08333333333333333,1.0
1e-08,4,1,1.2035059221189946e-10,1.0398291167108113e-05,0.0037979758487862382,12.035059221189945,5.092958178940651e-06,117.44375494779472,4.336508298124952e-08,0.48808375993399744,1.0,0.0
1e-08,4,5,6.017529610594974e-10,5.199145583554057e-05,0.018989879243931192,60.17529610594973,5.092958178940653e-06,117.44375494779472,4.336508298124953e-08,0.48808375993399744,0.2,1.0
1e-08,4,12,1.444207106542794e-09,0.0001247794940052974,0.045575710185434874,144.42071065427936,5.092958178940652e-06,117.44375494779472,4.3365082981249524e-08,0.48808375993399744,0.08333333333333333,1.0
1e-08,10,1,4.814023688475979e-11,4.159316466843246e-06,0.0015191903395144956,4.814023688475978,5.092958178940652e-06,185.6948812988504,2.742648662859067e-08,0.48808375993399744,1.0,0.0
1e-08,10,5,2.407011844237989e-10,2.0796582334216227e-05,0.0075959516975724764,24.07011844237989,5.092958178940651e-06,185.6948812988504,2.7426486628590667e-08,0.48808375993399744,0.2,1.0
1e-08,10,12,5.776828426171176e-10,4.9911797602118965e-05,0.01823028407417395,57.76828426171174,5.092958178940653e-06,185.6948812988504,2.7426486628590674e-08,0.48808375993399744,0.08333333333333333,1.0
1e-08,20,1,2.4070118442379895e-11,2.079658233421623e-06,0.0007595951697572478,2.407011844237989,5.092958178940652e-06,262.6122195960963,1.9393454679198632e-08,0.48808375993399744,1.0,0.0
1e-08,20,5,1.2035059221189946e-10,1.0398291167108113e-05,0.0037979758487862382,12.035059221189945,5.092958178940651e-06,262.6122195960963,1.939345467919863e-08,0.48808375993399744,0.2,1.0
1e-08,20,12,2.888414213085588e-10,2.4955898801059482e-05,0.009115142037086976,28.88414213085587,5.092958178940653e-06,262.6122195960963,1.9393454679198636e-08,0.48808375993399744,0.08333333333333333,1.0
1e-08,50,1,9.628047376951958e-12,8.318632933686492e-07,0.00030383806790289914,0.9628047376951957,5.092958178940652e-06,415.22637765798396,1.2265497697103552e-08,0.48808375993399744,1.0,0.0
1e-08,50,5,4.814023688475979e-11,4.159316466843246e-06,0.0015191903395144956,4.814023688475978,5.092958178940652e-06,415.22637765798396,1.2265497697103552e-08,0.48808375993399744,0.2,1.0
1e-08,50,12,1.1553656852342351e-10,9.982359520423791e-06,0.00364605681483479,11.553656852342348,5.092958178940653e-06,415.22637765798396,1.2265497697103553e-08,0.48808375993399744,0.08333333333333333,1.0
1e-08,80,1,6.017529610594974e-12,5.199145583554058e-07,0.00018989879243931195,0.6017529610594973,5.092958178940652e-06,525.2244391921926,9.696727339599316e-09,0.48808375993399744,1.0,0.0
1e-08,80,5,3.0087648052974865e-11,2.5995727917770284e-06,0.0009494939621965596,3.0087648052974862,5.092958178940651e-06,525.2244391921926,9.696727339599315e-09,0.48808375993399744,0.2,1.0
1e-08,80,12,7.22103553271397e-11,6.238974700264871e-06,0.002278785509271744,7.221035532713968,5.092958178940653e-06,525.2244391921926,9.696727339599318e-09,0.48808375993399744,0.08333333333333333,1.0
1e-08,300,1,1.6046745628253262e-12,1.3864388222810817e-07,5.0639677983816516e-05,0.1604674562825326,5.092958178940653e-06,1017.0927530062459,5.007368466530975e-09,0.48808375993399744,1.0,0.0
1e-08,300,5,8.023372814126631e-12,6.93219411140541e-07,0.0002531983899190826,0.8023372814126629,5.092958178940652e-06,1017.0927530062459,5.007368466530974e-09,0.48808375993399744,0.2,1.0
1e-08,300,12,1.9256094753903917e-11,1.6637265867372985e-06,0.0006076761358057983,1.9256094753903912,5.092958178940652e-06,1017.0927530062459,5.007368466530974e-09,0.48808375993399744,0.08333333333333333,1.0
1e-07,4,1,1.2035059221189947e-09,0.00010398291167108114,0.037979758487862385,12.035059221189945,5.092958178940652e-05,117.44375494779472,4.3365082981249524e-07,0.48808375993399744,1.0,0.0
1e-07,4,5,6.017529610594974e-09,0.0005199145583554058,0.18989879243931193,60.17529610594973,5.092958178940652e-05,117.44375494779472,4.3365082981249524e-07,0.48808375993399744,0.2,1.0
1e-07,4,12,1.4442071065427939e-08,0.001247794940052974,0.45575710185434876,144.42071065427936,5.092958178940651e-05,117.44375494779472,4.336508298124952e-07,0.48808375993399744,0.08333333333333333,1.0
1e-07,10,1,4.814023688475978e-10,4.1593164668432454e-05,0.015191903395144953,4.814023688475978,5.092958178940651e-05,185.6948812988504,2.7426486628590665e-07,0.48808375993399744,1.0,0.0
1e-07,10,5,2.4070118442379894e-09,0.00020796582334216228,0.07595951697572477,24.07011844237989,5.092958178940652e-05,185.6948812988504,2.742648662859067e-07,0.48808375993399744,0.2,1.0
1e-07,10,12,5.776828426171176e-09,0.0004991179760211896,0.1823028407417395,57.76828426171174,5.092958178940653e-05,185.6948812988504,2.7426486628590675e-07,0.48808375993399744,0.08333333333333333,1.0
1e-07,20,1,2.407011844237989e-10,2.0796582334216227e-05,0.0075959516975724764,2.407011844237989,5.092958178940651e-05,262.6122195960963,1.9393454679198628e-07,0.48808375993399744,1.0,0.0
1e-07,20,5,1.2035059221189947e-09,0.00010398291167108114,0.037979758487862385,12.035059221189945,5.092958178940652e-05,262.6122195960963,1.939345467919863e-07,0.48808375993399744,0.2,1.0
1e-07,20,12,2.888414213085588e-09,0.0002495589880105948,0.09115142037086975,28.88414213085587,5.092958178940653e-05,262.6122195960963,1.9393454679198633e-07,0.48808375993399744,0.08333333333333333,1.0
1e-07,50,1,9.628047376951958e-11,8.318632933686492e-06,0.0030383806790289913,0.9628047376951957,5.092958178940651e-05,415.22637765798396,1.226549769710355e-07,0.48808375993399744,1.0,0.0
1e-07,50,5,4.814023688475978e-10,4.1593164668432454e-05,0.015191903395144953,4.814023688475978,5.092958178940651e-05,415.22637765798396,1.226549769710355e-07,0.48808375993399744,0.2,1.0
1e-07,50,12,1.1553656852342352e-09,9.982359520423793e-05,0.0364605681483479,11.553656852342348,5.092958178940653e-05,415.22637765798396,1.2265497697103553e-07,0.48808375993399744,0.08333333333333333,1.0
1e-07,80,1,6.017529610594973e-11,5.199145583554057e-06,0.0018989879243931191,0.6017529610594973,5.092958178940651e-05,525.2244391921926,9.696727339599314e-08,0.48808375993399744,1.0,0.0
1e-07,80,5,3.008764805297487e-10,2.5995727917770284e-05,0.009494939621965596,3.0087648052974862,5.092958178940652e-05,525.2244391921926,9.696727339599315e-08,0.48808375993399744,0.2,1.0
1e-07,80,12,7.22103553271397e-10,6.23897470026487e-05,0.022787855092717437,7.221035532713968,5.092958178940653e-05,525.2244391921926,9.696727339599317e-08,0.48808375993399744,0.08333333333333333,1.0
1e-07,300,1,1.6046745628253263e-11,1.386438822281082e-06,0.0005063967798381652,0.1604674562825326,5.092958178940653e-05,1017.0927530062459,5.0073684665309745e-08,0.48808375993399744,1.0,0.0
1e-07,300,5,8.02337281412663e-11,6.932194111405408e-06,0.0025319838991908253,0.8023372814126629,5.092958178940652e-05,1017.0927530062459,5.007368466530974e-08,0.48808375993399744,0.2,1.0
1e-07,300,12,1.9256094753903916e-10,1.6637265867372985e-05,0.0060767613580579825,1.9256094753903912,5.092958178940651e-05,1017.0927530062459,5.007368466530973e-08,0.48808375993399744,0.08333333333333333,1.0
1e-06,4,1,1.2035059221189948e-08,0.0010398291167108115,0.37979758487862386,12.035059221189945,0.0005092958178940652,117.44375494779472,4.336508298124952e-06,0.48808375993399744,1.0,0.0
1e-06,4,5,6.017529610594974e-08,0.005199145583554057,1.8989879243931194,60.17529610594973,0.0005092958178940652,117.44375494779472,4.336508298124952e-06,0.48808375993399744,0.2,1.0
1e-06,4,12,1.4442071065427935e-07,0.012477949400529736,4.557571018543486,144.42071065427936,0.0005092958178940651,117.44375494779472,4.336508298124951e-06,0.48808375993399744,0.08333333333333333,1.0
1e-06,10,1,4.814023688475979e-09,0.00041593164668432455,0.15191903395144954,4.814023688475978,0.0005092958178940652,185.6948812988504,2.742648662859067e-06,0.48808375993399744,1.0,0.0
1e-06,10,5,2.4070118442379895e-08,0.002079658233421623,0.7595951697572477,24.07011844237989,0.0005092958178940652,185.6948812988504,2.742648662859067e-06,0.48808375993399744,0.2,1.0
1e-06,10,12,5.776828426171174e-08,0.004991179760211894,1.8230284074173946,57.76828426171174,0.0005092958178940651,185.6948812988504,2.7426486628590662e-06,0.48808375993399744,0.08333333333333333,1.0
1e-06,20,1,2.4070118442379894e-09,0.00020796582334216228,0.07595951697572477,2.407011844237989,0.0005092958178940652,262.6122195960963,1.939345467919863e-06,0.48808375993399744,1.0,0.0
1e-06,20,5,1.2035059221189948e-08,0.0010398291167108115,0.37979758487862386,12.035059221189945,0.0005092958178940652,262.6122195960963,1.939345467919863e-06,0.48808375993399744,0.2,1.0
1e-06,20,12,2.888414213085587e-08,0.002495589880105947,0.9115142037086973,28.88414213085587,0.0005092958178940651,262.6122195960963,1.9393454679198626e-06,0.48808375993399744,0.08333333333333333,1.0
1e-06,50,1,9.628047376951957e-10,8.318632933686491e-05,0.030383806790289906,0.9628047376951957,0.0005092958178940651,415.22637765798396,1.226549769710355e-06,0.48808375993399744,1.0,0.0
1e-06,50,5,4.814023688475979e-09,0.00041593164668432455,0.15191903395144954,4.814023688475978,0.0005092958178940652,415.22637765798396,1.2265497697103551e-06,0.48808375993399744,0.2,1.0
1e-06,50,12,1.155365685234235e-08,0.000998235952042379,0.36460568148347894,11.553656852342348,0.0005092958178940652,415.22637765798396,1.2265497697103551e-06,0.48808375993399744,0.08333333333333333,1.0
1e-06,80,1,6.017529610594974e-10,5.199145583554057e-05,0.018989879243931192,0.6017529610594973,0.0005092958178940652,525.2244391921926,9.696727339599315e-07,0.48808375993399744,1.0,0.0
1e-06,80,5,3.008764805297487e-09,0.0002599572791777029,0.09494939621965597,3.0087648052974862,0.0005092958178940652,525.2244391921926,9.696727339599315e-07,0.48808375993399744,0.2,1.0
1e-06,80,12,7.221035532713968e-09,0.0006238974700264868,0.22787855092717432,7.221035532713968,0.0005092958178940651,525.2244391921926,9.696727339599313e-07,0.48808375993399744,0.08333333333333333,1.0
1e-06,300,1,1.604674562825326e-10,1.3864388222810817e-05,0.005063967798381651,0.1604674562825326,0.0005092958178940652,1017.0927530062459,5.007368466530974e-07,0.48808375993399744,1.0,0.0
1e-06,300,5,8.02337281412663e-10,6.932194111405409e-05,0.025319838991908254,0.8023372814126629,0.0005092958178940652,1017.0927530062459,5.007368466530974e-07,0.48808375993399744,0.2,1.0
1e-06,300,12,1.925609475390391e-09,0.0001663726586737298,0.060767613580579805,1.9256094753903912,0.000509295817894065,1017.0927530062459,5.007368466530972e-07,0.48808375993399744,0.08333333333333333,1.0
1e-05,4,1,1.203505922118995e-07,0.010398291167108116,3.7979758487862396,12.035059221189945,0.005092958178940653,117.44375494779472,4.336508298124953e-05,0.48808375993399744,1.0,0.0
1e-05,4,5,6.017529610594974e-07,0.05199145583554058,18.989879243931195,60.17529610594973,0.005092958178940653,117.44375494779472,4.336508298124953e-05,0.48808375993399744,0.2,1.0
1e-05,4,12,1.444207106542794e-06,0.1247794940052974,45.57571018543487,144.42071065427936,0.005092958178940652,117.44375494779472,4.3365082981249526e-05,0.48808375993399744,0.08333333333333333,1.0
1e-05,10,1,4.81402368847598e-08,0.004159316466843246,1.5191903395144957,4.814023688475978,0.005092958178940653,185.6948812988504,2.7426486628590676e-05,0.48808375993399744,1.0,0.0
1e-05,10,5,2.40701184423799e-07,0.020796582334216232,7.595951697572479,24.07011844237989,0.005092958178940653,185.6948812988504,2.7426486628590676e-05,0.48808375993399744,0.2,1.0
1e-05,10,12,5.776828426171176e-07,0.04991179760211896,18.23028407417395,57.76828426171174,0.005092958178940653,185.6948812988504,2.7426486628590676e-05,0.48808375993399744,0.08333333333333333,1.0
1e-05,20,1,2.40701184423799e-08,0.002079658233421623,0.7595951697572478,2.407011844237989,0.005092958178940653,262.6122195960963,1.9393454679198635e-05,0.48808375993399744,1.0,0.0
1e-05,20,5,1.203505922118995e-07,0.010398291167108116,3.7979758487862396,12.035059221189945,0.005092958178940653,262.6122195960963,1.9393454679198635e-05,0.48808375993399744,0.2,1.0
1e-05,20,12,2.888414213085588e-07,0.02495589880105948,9.115142037086976,28.88414213085587,0.005092958178940653,262.6122195960963,1.9393454679198635e-05,0.48808375993399744,0.08333333333333333,1.0
1e-05,50,1,9.628047376951961e-09,0.0008318632933686494,0.3038380679028992,0.9628047376951957,0.005092958178940654,415.22637765798396,1.2265497697103557e-05,0.48808375993399744,1.0,0.0
1e-05,50,5,4.8140236884759803e-08,0.004159316466843247,1.519190339514496,4.814023688475978,0.005092958178940654,415.22637765798396,1.2265497697103557e-05,0.48808375993399744,0.2,1.0
1e-05,50,12,1.1553656852342351e-07,0.009982359520423792,3.64605681483479,11.553656852342348,0.005092958178940652,415.22637765798396,1.2265497697103552e-05,0.48808375993399744,0.08333333333333333,1.0
1e-05,80,1,6.017529610594975e-09,0.0005199145583554058,0.18989879243931196,0.6017529610594973,0.005092958178940653,525.2244391921926,9.696727339599317e-06,0.48808375993399744,1.0,0.0
1e-05,80,5,3.0087648052974875e-08,0.002599572791777029,0.9494939621965599,3.0087648052974862,0.005092958178940653,525.2244391921926,9.696727339599317e-06,0.48808375993399744,0.2,1.0
1e-05,80,12,7.22103553271397e-08,0.00623897470026487,2.278785509271744,7.221035532713968,0.005092958178940653,525.2244391921926,9.696727339599317e-06,0.48808375993399744,0.08333333333333333,1.0
1e-05,300,1,1.6046745628253264e-09,0.0001386438822281082,0.05063967798381652,0.1604674562825326,0.005092958178940653,1017.0927530062459,5.007368466530975e-06,0.48808375993399744,1.0,0.0
1e-05,300,5,8.023372814126633e-09,0.0006932194111405411,0.25319838991908267,0.8023372814126629,0.005092958178940654,1017.0927530062459,5.007368466530976e-06,0.48808375993399744,0.2,1.0
1e-05,300,12,1.925609475390392e-08,0.0016637265867372986,0.6076761358057983,1.9256094753903912,0.005092958178940653,1017.0927530062459,5.007368466530975e-06,0.48808375993399744,0.08333333333333333,1.0
0.0001,4,1,1.2035059221189947e-06,0.10398291167108113,37.979758487862384,12.035059221189945,0.05092958178940652,117.44375494779472,0.00043365082981249524,0.48808375993399744,1.0,0.0
0.0001,4,5,6.017529610594974e-06,0.5199145583554058,189.89879243931193,60.17529610594973,0.05092958178940652,117.44375494779472,0.00043365082981249524,0.48808375993399744,0.2,1.0
0.0001,4,12,1.4442071065427938e-05,1.2477949400529738,455.75710185434866,144.42071065427936,0.05092958178940651,117.44375494779472,0.00043365082981249514,0.48808375993399744,0.08333333333333333,1.0
0.0001,10,1,4.814023688475979e-07,0.04159316466843246,15.191903395144955,4.814023688475978,0.050929581789406514,185.6948812988504,0.0002742648662859067,0.48808375993399744,1.0,0.0
0.0001,10,5,2.4070118442379893e-06,0.20796582334216226,75.95951697572477,24.07011844237989,0.05092958178940652,185.6948812988504,0.0002742648662859067,0.48808375993399744,0.2,1.0
0.0001,10,12,5.776828426171176e-06,0.4991179760211896,182.3028407417395,57.76828426171174,0.05092958178940652,185.6948812988504,0.0002742648662859067,0.48808375993399744,0.08333333333333333,1.0
0.0001,20,1,2.4070118442379894e-07,0.02079658233421623,7.5959516975724775,2.407011844237989,0.050929581789406514,262.6122195960963,0.0001939345467919863,0.48808375993399744,1.0,0.0
0.0001,20,5,1.2035059221189947e-06,0.10398291167108113,37.979758487862384,12.035059221189945,0.05092958178940652,262.6122195960963,0.00019393454679198633,0.48808375993399744,0.2,1.0
0.0001,20,12,2.888414213085588e-06,0.2495589880105948,91.15142037086974,28.88414213085587,0.05092958178940652,262.6122195960963,0.00019393454679198633,0.48808375993399744,0.08333333333333333,1.0
0.0001,50,1,9.62804737695196e-08,0.008318632933686492,3.0383806790289913,0.9628047376951957,0.05092958178940652,415.22637765798396,0.00012265497697103552,0.48808375993399744,1.0,0.0
0.0001,50,5,4.814023688475979e-07,0.04159316466843246,15.191903395144955,4.814023688475978,0.050929581789406514,415.22637765798396,0.0001226549769710355,0.48808375993399744,0.2,1.0
0.0001,50,12,1.1553656852342352e-06,0.09982359520423792,36.4605681483479,11.553656852342348,0.05092958178940653,415.22637765798396,0.00012265497697103555,0.48808375993399744,0.08333333333333333,1.0
0.0001,80,1,6.017529610594974e-08,0.005199145583554057,1.8989879243931194,0.6017529610594973,0.050929581789406514,525.2244391921926,9.696727339599315e-05,0.48808375993399744,1.0,0.0
0.0001,80,5,3.0087648052974867e-07,0.025995727917770283,9.494939621965596,3.0087648052974862,0.05092958178940652,525.2244391921926,9.696727339599316e-05,0.48808375993399744,0.2,1.0
0.0001,80,12,7.22103553271397e-07,0.0623897470026487,22.787855092717436,7.221035532713968,0.05092958178940652,525.2244391921926,9.696727339599316e-05,0.48808375993399744,0.08333333333333333,1.0
0.0001,300,1,1.6046745628253263e-08,0.001386438822281082,0.5063967798381652,0.1604674562825326,0.05092958178940653,1017.0927530062459,5.007368466530975e-05,0.48808375993399744,1.0,0.0
0.0001,300,5,8.023372814126631e-08,0.006932194111405409,2.5319838991908257,0.8023372814126629,0.05092958178940653,1017.0927530062459,5.007368466530975e-05,0.48808375993399744,0.2,1.0
0.0001,300,12,1.925609475390392e-07,0.016637265867372984,6.076761358057983,1.9256094753903912,0.05092958178940652,1017.0927530062459,5.007368466530974e-05,0.48808375993399744,0.08333333333333333,1.0
